,JobTitle,Gender,Age,PerfEval,Education,Dept,Seniority,BasePay,Bonus
0,Graphic Designer,Female,18,5,College,Operations,2,42363,9938
1,Software Engineer,Male,21,5,College,Management,5,108476,11128
2,Warehouse Associate,Female,19,4,PhD,Administration,5,90208,9268
3,Software Engineer,Male,20,5,Masters,Sales,4,108080,10154
4,Graphic Designer,Male,26,5,Masters,Engineering,5,99464,9319
5,IT,Female,20,5,PhD,Operations,4,70890,10126
6,Graphic Designer,Female,20,5,College,Sales,4,67585,10541
7,Software Engineer,Male,18,4,PhD,Engineering,5,97523,10240
8,Graphic Designer,Female,33,5,High School,Engineering,5,112976,9836
9,Sales Associate,Female,35,5,College,Engineering,5,106524,9941
10,Graphic Designer,Male,24,5,PhD,Engineering,5,102261,10212
11,Driver,Female,18,5,College,Management,3,62759,10124
12,Financial Analyst,Female,19,5,College,Sales,3,84007,8990
13,Warehouse Associate,Female,30,5,Masters,Administration,5,86220,9583
14,Warehouse Associate,Female,35,5,PhD,Operations,4,95584,9745
15,Marketing Associate,Female,27,5,PhD,Management,3,73357,10334
16,Financial Analyst,Female,23,5,PhD,Administration,5,88422,10768
17,Warehouse Associate,Female,24,5,College,Administration,5,99545,9949
18,Sales Associate,Male,21,5,High School,Engineering,5,90386,9461
19,Data Scientist,Female,30,5,College,Engineering,5,92067,9838
20,Warehouse Associate,Male,36,5,PhD,Engineering,5,108446,9210
21,Financial Analyst,Male,24,5,PhD,Sales,3,83323,9329
22,Warehouse Associate,Male,24,5,PhD,Sales,3,85205,9792
23,Driver,Female,35,5,College,Management,1,72038,9031
24,Software Engineer,Male,21,4,PhD,Engineering,5,132823,9625
25,Graphic Designer,Female,26,5,College,Engineering,2,71182,10015
26,Software Engineer,Male,19,5,Masters,Administration,4,100305,9618
27,Graphic Designer,Male,35,5,PhD,Management,3,88566,9469
28,Warehouse Associate,Male,34,5,PhD,Engineering,4,104271,10177
29,IT,Female,38,5,College,Administration,5,112392,10504
30,Software Engineer,Male,20,5,Masters,Management,2,66359,10137
31,Sales Associate,Male,35,5,Masters,Management,5,103007,10512
32,Marketing Associate,Female,26,5,PhD,Operations,4,80306,9233
33,Data Scientist,Female,22,5,High School,Engineering,3,74523,9972
34,Data Scientist,Female,45,5,PhD,Management,5,113252,10139
35,Software Engineer,Male,27,5,PhD,Management,4,96040,10050
36,Software Engineer,Male,21,5,High School,Management,4,91674,9780
37,Software Engineer,Male,31,5,High School,Operations,3,92928,9094
38,IT,Female,33,5,College,Management,4,84638,9409
39,IT,Male,19,5,College,Administration,4,78986,9023
40,Data Scientist,Male,29,5,PhD,Administration,5,96355,9784
41,Data Scientist,Male,32,5,PhD,Management,3,87121,8703
42,Software Engineer,Male,31,5,PhD,Sales,2,88724,8949
43,Warehouse Associate,Male,22,5,Masters,Engineering,2,58219,9868
44,Software Engineer,Male,25,5,Masters,Sales,5,119024,11293
45,Software Engineer,Male,22,5,Masters,Management,3,81503,9729
46,Data Scientist,Female,21,5,PhD,Operations,3,70643,10033
47,Graphic Designer,Female,26,5,PhD,Sales,3,74167,10346
48,Marketing Associate,Male,21,5,College,Management,5,86886,9424
49,IT,Female,22,5,High School,Sales,4,102120,10215
50,Sales Associate,Male,18,4,Masters,Operations,5,90780,9353
51,Software Engineer,Male,18,4,Masters,Operations,4,89474,9104
52,Marketing Associate,Female,35,5,PhD,Engineering,5,97376,9564
53,Data Scientist,Female,33,5,Masters,Sales,2,89415,9654
54,Software Engineer,Female,22,4,Masters,Operations,3,88037,8949
55,Data Scientist,Female,24,4,College,Administration,4,71105,8623
56,Driver,Female,31,5,High School,Engineering,2,62692,8886
57,Software Engineer,Male,40,5,PhD,Management,4,112466,9493
58,Data Scientist,Female,49,5,College,Operations,3,71193,8331
59,Marketing Associate,Female,20,5,Masters,Administration,4,76286,9479
60,Financial Analyst,Male,18,5,PhD,Engineering,4,97328,9874
61,Graphic Designer,Male,34,5,Masters,Management,3,86766,9841
62,Warehouse Associate,Female,41,5,College,Operations,2,82453,9564
63,Software Engineer,Male,19,5,PhD,Administration,3,88814,10153
64,Driver,Male,31,5,College,Management,4,82832,9958
65,Sales Associate,Female,33,5,High School,Engineering,3,83034,8841
66,Warehouse Associate,Female,53,5,College,Engineering,5,127085,9687
67,Sales Associate,Male,24,5,High School,Administration,1,66168,9242
68,Data Scientist,Male,18,5,PhD,Administration,4,59212,10209
69,Data Scientist,Male,18,5,High School,Operations,2,55189,9405
70,Manager,Male,25,5,College,Engineering,5,131311,11067
71,Sales Associate,Female,31,5,College,Management,1,52633,9516
72,Warehouse Associate,Female,31,4,PhD,Operations,5,101154,10324
73,Financial Analyst,Female,42,5,College,Engineering,5,113640,8762
74,Data Scientist,Male,22,4,High School,Management,2,50401,8590
75,Marketing Associate,Female,23,5,PhD,Administration,3,46263,9432
76,Warehouse Associate,Female,36,4,College,Management,3,74938,8234
77,Marketing Associate,Female,39,5,College,Sales,5,103384,9168
78,Warehouse Associate,Female,39,5,College,Engineering,2,77584,9798
79,Graphic Designer,Male,23,5,Masters,Management,3,83031,10240
80,Financial Analyst,Male,29,5,Masters,Engineering,5,111019,10042
81,Warehouse Associate,Female,25,3,Masters,Engineering,4,80192,8747
82,Warehouse Associate,Male,21,5,PhD,Management,1,48755,9931
83,Warehouse Associate,Male,28,5,High School,Engineering,2,59044,9368
84,Manager,Male,29,4,PhD,Engineering,5,146615,10173
85,Data Scientist,Female,32,5,PhD,Engineering,1,46693,8457
86,IT,Female,48,5,PhD,Operations,3,88152,8857
87,Data Scientist,Female,38,5,Masters,Administration,5,127156,9979
88,Graphic Designer,Male,31,5,PhD,Engineering,1,69462,8872
89,Manager,Male,19,4,PhD,Sales,5,119162,9395
90,Software Engineer,Male,26,5,PhD,Operations,2,68466,8384
91,Financial Analyst,Female,36,5,Masters,Administration,3,92622,8509
92,Marketing Associate,Female,34,5,Masters,Engineering,1,51331,9130
93,Warehouse Associate,Male,49,5,High School,Sales,4,109419,8375
94,Software Engineer,Male,18,5,College,Operations,3,80355,9945
95,Driver,Female,21,4,Masters,Sales,4,77032,8725
96,Financial Analyst,Female,47,5,High School,Sales,5,146190,8961
97,Graphic Designer,Female,22,4,Masters,Administration,4,96045,9129
98,Software Engineer,Male,29,5,High School,Management,1,82534,8914
99,IT,Male,55,5,College,Management,5,127769,8802
100,Marketing Associate,Female,34,5,High School,Sales,5,96061,9093
101,Warehouse Associate,Female,48,5,College,Management,5,111342,10122
102,Financial Analyst,Female,43,5,PhD,Management,3,117554,8369
103,Financial Analyst,Female,30,5,High School,Engineering,5,109369,10052
104,Warehouse Associate,Female,25,4,Masters,Operations,4,92358,9611
105,Financial Analyst,Female,21,4,Masters,Operations,4,91978,8647
106,Sales Associate,Male,28,5,PhD,Administration,1,52290,9330
107,IT,Male,18,5,High School,Engineering,1,47036,9130
108,Warehouse Associate,Male,46,5,PhD,Sales,1,76517,8502
109,Marketing Associate,Female,29,4,Masters,Administration,5,89822,8818
110,Driver,Male,32,4,PhD,Engineering,4,90368,8215
111,Financial Analyst,Male,26,5,College,Engineering,4,106194,9421
112,Warehouse Associate,Female,51,5,High School,Management,3,87684,8645
113,Marketing Associate,Female,40,5,Masters,Administration,3,62040,8056
114,Sales Associate,Female,52,5,Masters,Engineering,2,84132,7204
115,Financial Analyst,Female,29,4,Masters,Administration,4,88047,8459
116,Driver,Female,37,5,Masters,Administration,2,65012,8357
117,Marketing Associate,Female,23,4,Masters,Engineering,4,59251,8596
118,Graphic Designer,Female,18,4,PhD,Operations,3,78462,8743
119,Driver,Male,40,5,College,Management,2,97414,8833
120,Driver,Female,18,4,Masters,Administration,2,42722,8515
121,Marketing Associate,Female,26,4,College,Management,3,63695,8897
122,Data Scientist,Male,51,5,PhD,Operations,4,110731,8643
123,Software Engineer,Male,54,5,PhD,Administration,4,125572,8245
124,Driver,Male,49,5,Masters,Operations,2,72754,8014
125,IT,Female,26,5,College,Administration,2,53956,9454
126,Sales Associate,Male,58,5,High School,Engineering,5,135013,8972
127,IT,Female,49,5,College,Management,3,108495,8668
128,Financial Analyst,Female,27,4,High School,Administration,4,87608,7511
129,Data Scientist,Male,38,5,College,Administration,5,101173,9255
130,IT,Male,53,5,PhD,Management,5,126828,9310
131,Financial Analyst,Male,49,5,High School,Engineering,4,102716,8290
132,Marketing Associate,Male,26,4,High School,Engineering,5,77793,8700
133,Marketing Associate,Female,44,5,High School,Sales,1,57469,7539
134,Graphic Designer,Male,33,5,Masters,Management,3,83758,8498
135,Graphic Designer,Male,22,5,PhD,Administration,1,40187,8549
136,Financial Analyst,Male,41,5,Masters,Engineering,3,98531,6855
137,Financial Analyst,Male,26,4,College,Operations,4,104435,7802
138,Data Scientist,Male,29,5,High School,Administration,1,67617,9075
139,Driver,Female,24,4,High School,Administration,5,91049,10375
140,Manager,Female,32,5,PhD,Operations,1,98519,8943
141,Marketing Associate,Female,36,4,High School,Operations,5,91713,7627
142,Warehouse Associate,Female,41,4,Masters,Engineering,3,88994,8873
143,Financial Analyst,Male,44,5,Masters,Administration,4,119381,9345
144,Financial Analyst,Female,43,5,High School,Sales,5,113180,9089
145,Warehouse Associate,Male,48,5,PhD,Management,2,68639,9553
146,Software Engineer,Female,28,3,PhD,Engineering,4,103763,8383
147,Software Engineer,Male,40,5,College,Management,1,68295,7902
148,Manager,Male,21,4,High School,Engineering,3,103107,9036
149,Warehouse Associate,Female,19,4,College,Sales,2,64844,9042
150,Driver,Female,61,5,PhD,Sales,4,129132,8472
151,Warehouse Associate,Female,57,5,High School,Engineering,3,93470,8578
152,Data Scientist,Male,28,4,Masters,Administration,5,97625,7985
153,Graphic Designer,Female,52,5,College,Administration,1,66529,7067
154,Data Scientist,Female,48,5,Masters,Management,1,100115,7679
155,Warehouse Associate,Female,57,5,PhD,Administration,2,86423,8058
156,Sales Associate,Male,30,4,Masters,Sales,5,115165,8841
157,Data Scientist,Female,53,5,Masters,Engineering,5,133495,8552
158,Marketing Associate,Male,47,5,Masters,Operations,3,86516,8049
159,IT,Male,18,4,Masters,Administration,4,69855,8347
160,Sales Associate,Female,35,4,PhD,Sales,1,84844,7205
161,Graphic Designer,Female,51,5,College,Operations,3,108241,8602
162,Warehouse Associate,Female,51,5,High School,Sales,3,106478,8744
163,Financial Analyst,Male,38,4,College,Management,5,114421,7444
164,Software Engineer,Male,24,4,Masters,Management,1,79208,8602
165,Software Engineer,Male,49,5,Masters,Administration,5,142105,9653
166,Sales Associate,Male,22,5,High School,Administration,1,57783,9306
167,Marketing Associate,Female,33,5,High School,Operations,2,46903,8130
168,Financial Analyst,Male,36,5,Masters,Operations,1,71858,7475
169,Marketing Associate,Female,27,5,High School,Management,1,44325,8867
170,Driver,Male,39,5,High School,Engineering,4,100183,8832
171,Graphic Designer,Male,19,4,Masters,Sales,1,61000,8872
172,Software Engineer,Male,59,5,Masters,Engineering,1,109623,6897
173,Marketing Associate,Female,20,3,PhD,Sales,5,60070,8273
174,IT,Female,29,4,Masters,Management,3,72542,8109
175,Driver,Male,54,5,PhD,Administration,4,110049,8928
176,IT,Female,30,4,Masters,Engineering,2,80981,8201
177,IT,Female,42,5,College,Operations,2,83499,8950
178,Driver,Female,42,4,Masters,Management,4,106788,8974
179,Warehouse Associate,Female,50,4,Masters,Engineering,5,108922,8477
180,IT,Female,43,5,PhD,Administration,5,127062,9619
181,Software Engineer,Male,64,5,College,Sales,4,120593,7573
182,Manager,Male,23,4,PhD,Administration,1,90685,8816
183,Marketing Associate,Female,33,5,High School,Engineering,1,49830,8543
184,Software Engineer,Male,39,4,High School,Sales,4,106896,7918
185,Sales Associate,Male,58,5,PhD,Sales,2,129425,7524
186,Marketing Associate,Female,24,3,Masters,Operations,5,82338,7414
187,Marketing Associate,Female,37,4,PhD,Administration,3,86036,7567
188,Graphic Designer,Male,53,5,High School,Operations,2,93073,8188
189,Software Engineer,Male,33,5,PhD,Administration,2,87352,8435
190,Software Engineer,Male,56,5,PhD,Administration,5,139760,9229
191,Financial Analyst,Female,52,5,High School,Engineering,2,100070,7169
192,Warehouse Associate,Male,40,5,Masters,Sales,4,102815,9090
193,Software Engineer,Male,43,4,PhD,Management,5,101262,7794
194,Data Scientist,Male,19,5,High School,Operations,2,58054,9585
195,Sales Associate,Female,53,4,Masters,Operations,5,129609,7392
196,Sales Associate,Male,44,5,Masters,Administration,2,100091,9185
197,Manager,Male,23,4,Masters,Sales,3,103479,7850
198,Driver,Female,51,5,College,Operations,1,72827,7285
199,IT,Male,20,4,PhD,Engineering,2,74073,8509
200,Financial Analyst,Male,47,5,College,Administration,2,64852,8023
201,Graphic Designer,Male,49,5,College,Management,4,106887,8347
202,Software Engineer,Male,26,4,College,Administration,2,77309,7957
203,Graphic Designer,Female,44,4,High School,Administration,4,100416,7513
204,Software Engineer,Male,18,3,Masters,Engineering,2,88482,7385
205,Data Scientist,Female,32,4,College,Management,4,78623,9012
206,Sales Associate,Male,18,4,High School,Management,4,80135,9007
207,Warehouse Associate,Female,63,5,High School,Sales,2,106158,7654
208,Graphic Designer,Female,37,4,College,Engineering,4,89411,9522
209,Graphic Designer,Male,22,4,Masters,Sales,2,57398,7827
210,Marketing Associate,Female,64,5,PhD,Sales,2,95687,7279
211,Graphic Designer,Female,39,4,PhD,Operations,5,120294,8090
212,Manager,Male,20,4,College,Sales,2,107140,8199
213,Financial Analyst,Female,39,5,College,Operations,1,76773,7278
214,Data Scientist,Female,37,4,Masters,Engineering,2,98010,8210
215,Data Scientist,Female,39,4,PhD,Management,3,91099,8306
216,Financial Analyst,Male,29,4,High School,Management,4,89559,8338
217,Software Engineer,Male,58,5,High School,Management,3,120156,7200
218,Driver,Male,38,5,PhD,Engineering,4,102966,8978
219,Marketing Associate,Female,64,5,PhD,Sales,5,128970,7346
220,Warehouse Associate,Female,51,4,High School,Management,5,121376,7832
221,Financial Analyst,Male,53,5,Masters,Administration,3,112941,7404
222,Graphic Designer,Male,46,5,High School,Engineering,4,102736,9736
223,Driver,Female,28,4,High School,Management,1,64008,7185
224,IT,Male,52,5,Masters,Engineering,1,90024,7350
225,Financial Analyst,Female,48,4,Masters,Management,5,129406,7280
226,IT,Female,34,5,College,Operations,1,54245,8245
227,Marketing Associate,Female,27,4,High School,Administration,5,67530,9311
228,Graphic Designer,Male,18,4,High School,Sales,4,75506,9289
229,Graphic Designer,Female,31,4,College,Engineering,2,81826,8375
230,Software Engineer,Female,27,4,High School,Operations,1,65711,7789
231,Sales Associate,Male,29,3,Masters,Management,2,61164,6346
232,Driver,Female,41,5,Masters,Administration,1,73801,8317
233,Manager,Male,62,5,College,Administration,5,157410,7840
234,Graphic Designer,Male,23,4,High School,Operations,1,50601,7351
235,Data Scientist,Male,29,4,High School,Engineering,3,65907,7668
236,Data Scientist,Male,38,5,High School,Sales,2,80937,8335
237,Driver,Male,34,4,College,Administration,5,90330,7022
238,Sales Associate,Female,62,5,College,Operations,2,93268,7657
239,IT,Male,40,4,College,Administration,5,109345,7791
240,Software Engineer,Male,27,4,Masters,Engineering,1,66084,7769
241,Financial Analyst,Male,35,4,PhD,Operations,5,98900,7960
242,IT,Male,19,4,College,Engineering,3,78113,9335
243,Software Engineer,Male,36,4,Masters,Engineering,5,130826,9694
244,Sales Associate,Male,23,3,High School,Engineering,3,85928,7229
245,IT,Male,43,5,College,Operations,4,98515,9090
246,Graphic Designer,Female,48,4,College,Administration,4,103133,7793
247,Marketing Associate,Female,20,4,College,Sales,4,69254,8609
248,Graphic Designer,Male,27,4,College,Sales,5,114680,8472
249,Driver,Male,25,3,PhD,Engineering,5,92687,7634
250,Graphic Designer,Male,21,3,Masters,Engineering,4,72301,8391
251,Financial Analyst,Male,24,4,Masters,Administration,1,67749,8517
252,Data Scientist,Female,61,5,Masters,Management,2,97000,7757
253,Manager,Male,52,5,High School,Operations,2,104526,7253
254,Data Scientist,Male,26,4,High School,Management,3,80494,8449
255,Financial Analyst,Female,30,4,High School,Operations,2,40341,7320
256,Software Engineer,Male,29,4,High School,Engineering,1,74316,8761
257,IT,Female,46,5,PhD,Sales,3,102247,8307
258,Driver,Male,49,4,College,Sales,5,104657,6839
259,Warehouse Associate,Female,37,3,High School,Engineering,5,92722,8010
260,Sales Associate,Female,51,5,Masters,Management,1,72120,9084
261,Warehouse Associate,Female,28,4,Masters,Operations,1,62260,7740
262,Manager,Male,45,5,High School,Engineering,3,123422,8894
263,Warehouse Associate,Male,48,5,College,Sales,1,62097,7075
264,Data Scientist,Male,53,5,High School,Management,2,102910,8335
265,Data Scientist,Female,29,4,High School,Engineering,3,84021,9111
266,Warehouse Associate,Female,19,4,High School,Operations,1,37026,8636
267,Driver,Male,18,3,PhD,Operations,3,56318,8407
268,IT,Male,28,4,High School,Operations,3,64958,7910
269,Data Scientist,Female,31,4,High School,Operations,2,55954,7999
270,Graphic Designer,Female,58,4,PhD,Sales,3,108820,7776
271,IT,Female,41,5,High School,Operations,3,100014,8621
272,Driver,Male,36,4,PhD,Operations,3,88213,8581
273,Sales Associate,Female,34,3,High School,Sales,4,108288,7491
274,Driver,Male,56,5,Masters,Sales,5,100859,8388
275,Financial Analyst,Female,30,4,Masters,Administration,5,114007,9248
276,Warehouse Associate,Male,37,4,High School,Management,3,83025,8105
277,IT,Male,28,4,High School,Administration,5,95964,9147
278,Warehouse Associate,Female,47,4,College,Administration,2,94973,7885
279,Graphic Designer,Male,44,4,High School,Sales,4,102108,8339
280,Data Scientist,Male,24,4,Masters,Sales,2,60736,7873
281,IT,Male,47,5,PhD,Operations,1,82126,6971
282,Financial Analyst,Male,33,5,Masters,Operations,1,69878,8389
283,IT,Female,22,4,Masters,Sales,1,37780,8443
284,Graphic Designer,Male,57,4,Masters,Management,4,132873,7266
285,Financial Analyst,Male,20,4,High School,Operations,2,65164,7827
286,IT,Female,65,5,Masters,Administration,4,121210,7949
287,Graphic Designer,Female,49,4,PhD,Engineering,2,95169,7415
288,Sales Associate,Male,19,3,PhD,Management,4,94492,8209
289,Driver,Female,39,4,PhD,Operations,2,75901,7402
290,Sales Associate,Male,33,3,Masters,Operations,5,100463,6332
291,Sales Associate,Female,40,4,Masters,Operations,5,92276,9551
292,Driver,Female,21,2,College,Engineering,5,92458,6966
293,Graphic Designer,Male,46,4,High School,Administration,4,88571,7464
294,Financial Analyst,Male,39,4,PhD,Management,3,87409,7168
295,Warehouse Associate,Male,58,5,College,Sales,4,133927,8278
296,Manager,Male,33,4,Masters,Sales,1,90482,7094
297,Marketing Associate,Female,27,4,High School,Sales,4,87435,9230
298,Graphic Designer,Female,65,5,High School,Operations,4,130251,7750
299,Manager,Female,34,3,Masters,Management,2,106560,7257
300,Software Engineer,Male,56,5,College,Operations,3,107366,7774
301,Warehouse Associate,Female,34,4,High School,Sales,1,56172,7739
302,Marketing Associate,Female,35,4,Masters,Sales,2,58807,7316
303,Financial Analyst,Female,49,4,Masters,Sales,4,126626,7144
304,Manager,Female,24,3,PhD,Sales,3,104202,8456
305,Warehouse Associate,Male,39,4,PhD,Operations,3,77793,8093
306,Warehouse Associate,Male,45,4,High School,Operations,2,84930,6914
307,Driver,Male,32,3,Masters,Engineering,2,69367,6378
308,Graphic Designer,Male,65,5,Masters,Operations,5,116751,8505
309,Software Engineer,Male,52,4,Masters,Administration,5,139841,7641
310,Driver,Female,52,4,College,Administration,2,78750,6666
311,Warehouse Associate,Female,38,3,College,Administration,5,93306,8265
312,Financial Analyst,Male,19,4,Masters,Operations,2,60892,8462
313,Graphic Designer,Male,20,2,Masters,Engineering,5,99543,6111
314,Sales Associate,Female,29,3,PhD,Operations,2,56745,6495
315,Data Scientist,Female,29,4,College,Operations,1,59458,7939
316,Driver,Female,18,2,Masters,Sales,4,71824,6397
317,Software Engineer,Male,64,5,High School,Operations,2,111903,6824
318,IT,Male,55,5,College,Sales,3,104361,7813
319,Warehouse Associate,Female,22,2,High School,Sales,5,91568,7139
320,Software Engineer,Male,59,4,Masters,Engineering,4,155834,7101
321,Financial Analyst,Male,30,5,Masters,Sales,1,83620,7864
322,Marketing Associate,Female,50,5,PhD,Administration,1,81995,7840
323,Graphic Designer,Female,27,4,PhD,Sales,1,66125,8465
324,Driver,Male,27,3,College,Engineering,5,89678,7778
325,Sales Associate,Female,57,5,Masters,Operations,3,98321,8980
326,Manager,Male,48,4,College,Management,1,109346,7730
327,Manager,Female,62,4,Masters,Sales,4,155203,7808
328,IT,Male,64,5,PhD,Management,2,98100,7460
329,Data Scientist,Female,29,3,High School,Management,4,73306,7765
330,Driver,Male,40,5,College,Engineering,2,68797,7817
331,Financial Analyst,Male,58,4,College,Management,4,120154,6751
332,Warehouse Associate,Female,22,3,College,Sales,4,76865,8145
333,Graphic Designer,Female,59,4,PhD,Management,4,125770,8013
334,Financial Analyst,Female,36,4,High School,Administration,5,119931,8400
335,Marketing Associate,Female,55,4,Masters,Operations,1,71794,6685
336,Driver,Female,54,4,College,Management,2,87998,7028
337,Software Engineer,Male,63,4,High School,Administration,5,140445,7905
338,Warehouse Associate,Male,18,2,College,Administration,5,85306,7735
339,Sales Associate,Female,31,3,High School,Operations,3,77275,7089
340,Manager,Male,48,4,PhD,Sales,4,143887,7622
341,Driver,Female,58,4,High School,Sales,5,130720,7246
342,Software Engineer,Female,41,4,PhD,Sales,1,86675,7947
343,Graphic Designer,Female,22,3,College,Operations,2,56954,7550
344,IT,Male,63,5,Masters,Operations,5,133472,8688
345,Data Scientist,Male,23,3,Masters,Administration,1,62753,7242
346,Sales Associate,Male,63,5,PhD,Operations,4,128173,8360
347,Software Engineer,Female,28,3,College,Engineering,5,112491,8727
348,Marketing Associate,Female,22,4,PhD,Operations,1,36548,8090
349,Driver,Female,62,4,PhD,Engineering,1,88781,6413
350,Software Engineer,Male,65,4,High School,Management,5,157852,6669
351,Financial Analyst,Male,51,4,PhD,Operations,4,113730,6578
352,Driver,Male,57,5,College,Management,1,68403,6893
353,Manager,Male,59,4,PhD,Sales,5,176789,6773
354,Data Scientist,Female,45,3,Masters,Sales,5,129226,6912
355,Graphic Designer,Male,24,3,College,Engineering,2,59399,6692
356,Sales Associate,Male,61,5,PhD,Management,1,102473,8468
357,Manager,Female,60,4,PhD,Management,3,160614,8354
358,Sales Associate,Female,28,3,PhD,Sales,3,89570,7411
359,Marketing Associate,Female,41,4,College,Sales,3,73989,8780
360,Financial Analyst,Female,35,4,Masters,Management,2,67762,7449
361,Financial Analyst,Male,35,4,College,Administration,4,90307,7663
362,Driver,Female,38,3,Masters,Management,2,77751,6554
363,Data Scientist,Female,57,4,High School,Management,1,87150,6814
364,Driver,Female,19,2,College,Sales,2,79291,5000
365,Graphic Designer,Male,55,5,Masters,Engineering,1,79144,8328
366,Manager,Male,62,5,PhD,Engineering,3,150467,8100
367,Driver,Female,31,3,Masters,Engineering,2,57070,6615
368,Marketing Associate,Female,49,4,College,Sales,4,102201,7640
369,Driver,Male,37,4,College,Engineering,3,70088,8244
370,Marketing Associate,Female,24,3,PhD,Operations,4,57782,7144
371,Manager,Male,32,3,High School,Operations,4,117629,6291
372,Sales Associate,Male,28,3,Masters,Administration,5,118653,7036
373,Marketing Associate,Female,38,2,High School,Management,5,71772,5764
374,Software Engineer,Male,65,5,Masters,Sales,1,134758,7500
375,Marketing Associate,Female,53,5,College,Administration,1,66438,6935
376,Warehouse Associate,Male,46,3,High School,Operations,4,87134,6184
377,Marketing Associate,Female,57,4,College,Operations,3,79674,6993
378,Marketing Associate,Female,45,3,College,Engineering,4,85161,6682
379,Warehouse Associate,Female,34,2,PhD,Management,5,114479,6700
380,Marketing Associate,Male,25,3,College,Operations,4,65547,6530
381,Data Scientist,Female,33,3,High School,Administration,3,71946,6386
382,Financial Analyst,Male,64,5,High School,Operations,3,96777,7736
383,Marketing Associate,Female,23,3,PhD,Administration,3,62054,6955
384,Software Engineer,Male,26,3,High School,Sales,2,61527,6345
385,Warehouse Associate,Female,24,3,High School,Management,1,64624,8253
386,Driver,Male,49,4,Masters,Administration,5,118629,6740
387,Data Scientist,Male,19,2,PhD,Management,5,80171,6454
388,Sales Associate,Female,47,3,College,Administration,4,105410,6363
389,Software Engineer,Male,36,4,PhD,Management,3,112134,8587
390,Warehouse Associate,Female,42,3,Masters,Engineering,1,90005,6631
391,Marketing Associate,Female,50,5,High School,Operations,1,70374,7466
392,Manager,Male,21,2,College,Administration,5,121682,7189
393,Marketing Associate,Female,49,4,PhD,Operations,5,104355,7555
394,IT,Female,49,4,College,Engineering,1,75811,5520
395,Sales Associate,Male,48,3,Masters,Engineering,5,113544,6839
396,Graphic Designer,Female,22,2,Masters,Operations,4,107025,6577
397,Financial Analyst,Male,20,3,PhD,Operations,3,78564,7875
398,Financial Analyst,Male,47,5,College,Operations,3,91905,7614
399,Financial Analyst,Male,60,5,High School,Engineering,4,121728,7932
400,Marketing Associate,Male,27,4,College,Management,1,54817,6519
401,Sales Associate,Male,20,3,College,Operations,1,37898,6448
402,IT,Male,59,5,PhD,Operations,1,79544,6760
403,Data Scientist,Female,20,3,High School,Engineering,1,40056,7632
404,IT,Female,45,4,College,Operations,2,70846,7404
405,Marketing Associate,Female,34,3,High School,Sales,5,79707,7196
406,Software Engineer,Male,59,4,High School,Operations,4,124817,7268
407,Manager,Male,53,4,College,Management,1,123114,6946
408,Financial Analyst,Female,20,3,High School,Operations,3,62377,6999
409,Data Scientist,Male,28,3,Masters,Sales,3,82850,5794
410,IT,Female,38,4,High School,Sales,2,75932,7003
411,Manager,Male,43,3,PhD,Management,2,121949,6739
412,Marketing Associate,Female,36,3,PhD,Sales,3,82755,7325
413,Data Scientist,Male,45,3,PhD,Administration,5,122037,8147
414,Warehouse Associate,Female,19,2,Masters,Administration,2,78021,6970
415,IT,Male,18,4,PhD,Sales,1,56309,7559
416,Financial Analyst,Male,59,5,PhD,Management,1,90002,8123
417,IT,Male,34,3,College,Sales,4,91066,6257
418,Manager,Male,32,3,Masters,Management,5,118088,7721
419,Software Engineer,Male,29,3,Masters,Operations,2,92099,7246
420,Financial Analyst,Female,46,4,College,Administration,4,116758,7744
421,Marketing Associate,Female,49,5,High School,Sales,2,96500,8092
422,Manager,Male,48,3,College,Management,5,138851,6929
423,Marketing Associate,Female,34,4,College,Administration,1,49632,7169
424,Driver,Female,45,3,PhD,Management,3,76700,7242
425,IT,Male,58,4,College,Management,5,131275,6997
426,Manager,Male,21,2,PhD,Operations,3,89648,6573
427,Graphic Designer,Female,26,2,Masters,Administration,5,100516,6737
428,Manager,Male,20,2,PhD,Operations,4,112854,6564
429,Software Engineer,Male,60,4,Masters,Sales,5,155676,6586
430,Driver,Male,57,4,College,Sales,4,135781,6042
431,Sales Associate,Female,47,3,College,Engineering,2,84935,6122
432,Warehouse Associate,Male,31,4,High School,Engineering,2,66407,7522
433,Driver,Female,56,4,PhD,Sales,3,101249,7329
434,Manager,Male,57,4,Masters,Administration,4,143189,6321
435,Graphic Designer,Male,63,5,PhD,Engineering,1,105800,7822
436,Software Engineer,Male,63,5,College,Operations,2,124871,7327
437,Data Scientist,Male,23,3,High School,Sales,3,83894,6922
438,Manager,Female,45,2,High School,Management,5,144146,6340
439,Marketing Associate,Female,46,4,PhD,Sales,2,69268,7106
440,Sales Associate,Male,63,5,High School,Sales,1,85948,7646
441,Software Engineer,Male,20,2,PhD,Engineering,4,92289,6643
442,Financial Analyst,Male,45,4,High School,Operations,2,75397,6490
443,Software Engineer,Male,65,4,High School,Engineering,1,102597,5937
444,Sales Associate,Female,63,4,PhD,Engineering,3,127561,7552
445,Warehouse Associate,Male,26,3,High School,Sales,3,72945,7279
446,Software Engineer,Male,60,3,PhD,Management,5,145632,6439
447,Marketing Associate,Female,36,3,Masters,Sales,3,77223,5272
448,Manager,Male,63,5,Masters,Operations,1,130093,6416
449,Marketing Associate,Male,33,3,PhD,Administration,2,53220,5153
450,Warehouse Associate,Female,41,3,College,Engineering,3,92080,6897
451,Graphic Designer,Female,55,3,College,Sales,5,118762,6545
452,Sales Associate,Female,21,2,College,Operations,5,85398,7113
453,Data Scientist,Male,31,3,College,Operations,1,75227,6027
454,Data Scientist,Male,41,3,Masters,Administration,4,104314,6611
455,Manager,Male,27,3,High School,Operations,1,83262,6884
456,Data Scientist,Female,55,3,Masters,Administration,4,123172,5797
457,Data Scientist,Male,41,4,PhD,Administration,1,67040,7412
458,Warehouse Associate,Male,33,3,College,Administration,1,77655,6581
459,Data Scientist,Female,46,3,College,Administration,3,107476,6182
460,Software Engineer,Male,45,4,Masters,Operations,2,89811,6471
461,Graphic Designer,Male,47,3,College,Administration,5,106893,7958
462,Software Engineer,Male,58,4,Masters,Engineering,5,154039,7304
463,Warehouse Associate,Male,64,4,High School,Operations,3,116774,6160
464,Software Engineer,Male,40,2,High School,Management,2,98281,5646
465,Marketing Associate,Female,18,3,High School,Engineering,2,34208,6620
466,Software Engineer,Male,42,3,Masters,Engineering,5,121821,6499
467,Software Engineer,Male,30,2,Masters,Engineering,5,113122,6060
468,Software Engineer,Male,39,4,PhD,Management,1,92154,7642
469,Manager,Male,31,3,PhD,Engineering,2,110643,7291
470,Data Scientist,Female,34,3,PhD,Administration,1,82345,7211
471,Data Scientist,Male,32,3,PhD,Sales,4,103908,8109
472,Marketing Associate,Female,24,3,High School,Engineering,3,49303,6615
473,IT,Female,46,4,High School,Operations,3,98456,7177
474,Warehouse Associate,Male,49,3,PhD,Operations,4,94927,6274
475,Software Engineer,Male,30,2,College,Administration,5,76654,6696
476,Manager,Male,46,4,Masters,Sales,1,107859,6989
477,Manager,Female,53,4,High School,Operations,3,129885,7314
478,Graphic Designer,Male,62,5,Masters,Sales,1,85702,6556
479,Financial Analyst,Female,63,4,Masters,Operations,1,97797,5239
480,Manager,Male,18,1,Masters,Management,5,115567,4775
481,Sales Associate,Female,30,3,High School,Administration,4,91566,6996
482,Sales Associate,Female,61,3,PhD,Management,4,131608,6537
483,Sales Associate,Male,58,4,PhD,Administration,3,118888,7438
484,Graphic Designer,Male,55,4,College,Sales,2,75833,6942
485,Financial Analyst,Female,36,3,College,Engineering,2,65750,6177
486,Graphic Designer,Male,65,4,College,Management,4,123371,6931
487,Marketing Associate,Female,49,4,Masters,Sales,3,76806,6662
488,Warehouse Associate,Male,38,3,College,Management,3,83774,7127
489,Warehouse Associate,Female,22,1,PhD,Operations,5,114733,6290
490,Financial Analyst,Male,22,3,PhD,Administration,2,69320,6765
491,Sales Associate,Male,51,3,PhD,Operations,4,110746,5947
492,Graphic Designer,Male,61,4,Masters,Engineering,2,105632,6394
493,Manager,Male,62,4,PhD,Engineering,1,117648,4765
494,Driver,Female,21,1,PhD,Management,4,89170,6722
495,Sales Associate,Male,28,3,College,Management,3,85986,8160
496,Financial Analyst,Male,32,4,Masters,Sales,3,78132,8035
497,Manager,Male,57,4,Masters,Operations,3,135073,6898
498,Driver,Female,52,4,High School,Operations,1,78751,6258
499,Software Engineer,Male,64,5,High School,Sales,2,118231,7440
500,Data Scientist,Male,58,5,High School,Operations,1,86651,7250
501,IT,Female,36,3,PhD,Management,3,75518,6711
502,Data Scientist,Male,44,3,Masters,Management,3,114693,6832
503,Financial Analyst,Male,39,3,Masters,Engineering,4,116875,5479
504,IT,Male,23,4,PhD,Administration,1,64468,8113
505,Marketing Associate,Male,40,2,PhD,Sales,5,116834,5516
506,Marketing Associate,Female,18,2,Masters,Management,5,75294,6496
507,Graphic Designer,Female,63,3,College,Management,5,127608,6558
508,Financial Analyst,Female,43,3,College,Sales,5,116069,6432
509,Driver,Female,50,3,High School,Engineering,2,86122,6295
510,Warehouse Associate,Male,23,2,College,Management,4,81988,7160
511,Warehouse Associate,Female,22,2,Masters,Sales,2,68300,5953
512,Manager,Male,60,4,College,Sales,2,148178,6777
513,Financial Analyst,Female,50,3,PhD,Operations,2,94590,5327
514,Sales Associate,Female,33,2,College,Engineering,4,87418,6430
515,Warehouse Associate,Male,25,3,College,Administration,1,68384,7443
516,Manager,Male,48,3,PhD,Operations,1,106056,4161
517,Software Engineer,Male,35,2,Masters,Management,3,110886,6228
518,Graphic Designer,Female,37,2,Masters,Management,3,104082,5477
519,IT,Female,43,3,Masters,Management,4,94354,7052
520,Warehouse Associate,Male,53,3,PhD,Engineering,5,128669,6866
521,Financial Analyst,Male,40,3,PhD,Sales,3,88725,6243
522,Manager,Male,56,3,Masters,Engineering,4,149771,5495
523,Financial Analyst,Male,45,4,Masters,Management,2,98535,8001
524,Data Scientist,Female,57,4,PhD,Sales,1,90713,6552
525,IT,Male,33,3,College,Management,3,88749,7433
526,Graphic Designer,Male,49,3,Masters,Operations,5,126100,6336
527,Manager,Male,23,3,College,Sales,3,110594,6753
528,Manager,Male,60,4,College,Management,3,157644,7213
529,Manager,Female,41,3,PhD,Management,1,113009,6812
530,Financial Analyst,Male,20,2,PhD,Engineering,4,105601,5943
531,Financial Analyst,Male,56,4,High School,Engineering,3,100769,6453
532,Warehouse Associate,Male,38,3,High School,Administration,2,82244,6020
533,Marketing Associate,Female,55,4,High School,Administration,2,72030,5569
534,Driver,Female,20,1,College,Management,3,66203,5627
535,Driver,Female,34,2,High School,Management,3,67210,5662
536,Manager,Female,32,2,PhD,Management,2,115383,5878
537,Graphic Designer,Female,49,3,PhD,Engineering,4,120697,7205
538,Graphic Designer,Male,29,3,PhD,Operations,2,70311,6235
539,Data Scientist,Female,49,3,College,Engineering,4,125770,7301
540,Warehouse Associate,Male,33,1,College,Engineering,5,100465,5520
541,Software Engineer,Male,30,2,College,Administration,4,83264,6251
542,Warehouse Associate,Male,61,3,PhD,Engineering,4,126375,6630
543,Driver,Male,25,3,College,Engineering,1,43076,5829
544,Data Scientist,Female,37,2,College,Sales,5,97846,7198
545,Sales Associate,Female,24,2,Masters,Management,3,76522,6900
546,Driver,Male,42,3,PhD,Operations,4,111726,5989
547,Sales Associate,Male,55,4,College,Administration,3,112188,6689
548,Data Scientist,Male,35,2,College,Operations,5,98959,6572
549,Sales Associate,Female,35,2,College,Management,4,87131,6356
550,IT,Male,40,3,College,Administration,3,77881,5569
551,IT,Male,36,3,Masters,Engineering,2,65225,6462
552,Driver,Male,30,4,Masters,Operations,1,78472,8439
553,Financial Analyst,Male,58,4,College,Operations,4,126269,6490
554,Warehouse Associate,Male,61,3,High School,Management,3,106233,5792
555,IT,Female,37,3,High School,Sales,2,56656,5914
556,IT,Female,42,3,High School,Engineering,2,70157,6016
557,Data Scientist,Female,41,2,PhD,Engineering,2,98366,6398
558,Manager,Male,59,4,College,Engineering,2,127013,6124
559,Software Engineer,Male,53,3,High School,Management,3,106146,6618
560,Manager,Male,22,2,Masters,Operations,4,90736,6219
561,Graphic Designer,Male,44,3,PhD,Sales,1,66611,5924
562,Manager,Male,57,3,PhD,Operations,5,150914,5982
563,Graphic Designer,Male,30,2,Masters,Management,4,70559,6497
564,Data Scientist,Female,33,3,College,Sales,1,73798,6224
565,Graphic Designer,Male,22,2,High School,Sales,3,69734,5383
566,Marketing Associate,Female,52,3,High School,Sales,3,94763,5668
567,Financial Analyst,Female,23,2,College,Administration,5,101534,6861
568,Graphic Designer,Male,23,1,PhD,Management,5,91504,5136
569,Sales Associate,Female,19,1,College,Management,4,90426,5020
570,Manager,Male,20,2,Masters,Operations,3,100183,6363
571,IT,Female,62,4,College,Operations,2,99369,6746
572,Graphic Designer,Female,40,3,College,Operations,1,55845,6616
573,Financial Analyst,Female,26,3,College,Administration,2,48570,6604
574,Data Scientist,Male,56,3,Masters,Engineering,3,98165,5470
575,Data Scientist,Female,57,3,Masters,Operations,3,113274,6186
576,Software Engineer,Male,23,2,Masters,Engineering,3,95754,6596
577,Data Scientist,Male,27,2,College,Engineering,1,57915,4584
578,Manager,Male,53,4,College,Sales,2,121506,6122
579,Manager,Male,37,3,Masters,Management,1,121151,5934
580,Marketing Associate,Female,46,3,College,Management,3,86241,5814
581,Data Scientist,Male,40,2,Masters,Management,2,87682,4152
582,Software Engineer,Male,42,2,College,Administration,3,114029,6842
583,IT,Male,43,3,College,Management,1,67323,4680
584,Data Scientist,Male,28,3,High School,Management,2,68049,6660
585,IT,Male,39,3,High School,Engineering,4,93335,5243
586,Driver,Female,55,3,PhD,Operations,2,100433,5090
587,Marketing Associate,Female,62,3,PhD,Operations,5,123242,5453
588,Sales Associate,Female,32,2,PhD,Administration,2,87585,6476
589,IT,Female,18,2,Masters,Sales,1,45747,4890
590,Marketing Associate,Female,41,3,High School,Administration,2,36972,7058
591,Sales Associate,Female,29,3,High School,Management,3,64754,7377
592,IT,Female,44,2,PhD,Operations,5,132267,5679
593,Driver,Male,53,3,PhD,Administration,3,111043,5838
594,Warehouse Associate,Male,25,2,Masters,Engineering,1,58130,6327
595,IT,Male,27,3,PhD,Operations,3,90542,7554
596,Manager,Male,40,2,College,Administration,2,124891,5436
597,Marketing Associate,Female,54,3,PhD,Engineering,5,112507,7460
598,Marketing Associate,Female,64,4,College,Sales,5,100316,6010
599,Software Engineer,Male,63,3,PhD,Engineering,2,134757,5944
600,Manager,Male,42,3,College,Sales,4,125339,6019
601,IT,Female,62,4,College,Management,3,111120,6536
602,Data Scientist,Female,36,3,High School,Operations,3,76523,7122
603,Driver,Female,50,3,College,Operations,2,91160,5863
604,Manager,Male,28,3,College,Sales,2,105795,6179
605,Financial Analyst,Female,18,2,High School,Operations,2,66935,6508
606,Sales Associate,Male,19,1,PhD,Management,3,75238,5308
607,Data Scientist,Female,55,2,Masters,Sales,5,138365,5359
608,Software Engineer,Male,42,2,College,Management,1,103978,5146
609,IT,Male,65,4,Masters,Sales,5,165229,6506
610,Warehouse Associate,Male,54,2,Masters,Engineering,4,118322,5224
611,Graphic Designer,Male,39,2,Masters,Operations,5,106883,5831
612,Marketing Associate,Female,45,2,High School,Management,2,59006,5876
613,Manager,Male,30,1,PhD,Engineering,4,125164,5888
614,Software Engineer,Male,53,4,High School,Operations,1,89225,5751
615,Driver,Male,63,4,High School,Sales,2,101716,5881
616,Marketing Associate,Female,45,3,Masters,Sales,3,74305,7126
617,Marketing Associate,Female,30,3,Masters,Administration,1,38451,5562
618,Graphic Designer,Female,48,1,High School,Operations,5,113465,3846
619,Sales Associate,Female,27,2,College,Operations,2,66377,5803
620,Financial Analyst,Male,31,3,PhD,Engineering,1,79142,5445
621,Graphic Designer,Female,20,1,Masters,Operations,4,55569,5236
622,Graphic Designer,Male,60,4,Masters,Engineering,1,97240,5412
623,Manager,Female,25,1,Masters,Management,5,119033,6381
624,Marketing Associate,Female,65,3,Masters,Administration,5,106315,5618
625,Driver,Male,24,2,College,Engineering,3,81301,5713
626,Software Engineer,Male,23,1,PhD,Management,2,79462,4673
627,IT,Female,28,1,PhD,Sales,5,105598,5380
628,Data Scientist,Male,30,2,College,Operations,3,72497,6452
629,Financial Analyst,Female,23,1,High School,Management,4,78084,5598
630,Graphic Designer,Male,50,3,Masters,Management,1,84803,5406
631,Graphic Designer,Female,18,2,College,Administration,1,41603,6092
632,Driver,Female,47,2,Masters,Operations,2,78002,5175
633,Warehouse Associate,Male,56,3,Masters,Administration,2,79274,4618
634,IT,Male,20,2,PhD,Management,1,49622,5452
635,Sales Associate,Male,62,3,College,Management,3,129620,5608
636,Software Engineer,Male,36,2,High School,Administration,4,87848,5166
637,Driver,Male,24,2,College,Management,3,51906,6274
638,Sales Associate,Female,44,2,High School,Engineering,3,81866,5183
639,Financial Analyst,Male,24,2,PhD,Engineering,3,71590,5845
640,Warehouse Associate,Male,19,2,High School,Sales,2,63928,4998
641,Driver,Male,44,4,High School,Administration,4,83333,7113
642,Marketing Associate,Male,49,3,High School,Administration,4,92797,5405
643,Financial Analyst,Male,36,3,PhD,Operations,1,93067,5103
644,Graphic Designer,Male,22,2,High School,Sales,3,72422,5697
645,Driver,Male,59,3,College,Operations,3,120159,4265
646,Data Scientist,Female,39,3,Masters,Operations,3,91711,6775
647,Marketing Associate,Female,50,3,Masters,Sales,5,93805,6044
648,Marketing Associate,Female,58,3,Masters,Operations,5,109931,5878
649,Marketing Associate,Female,42,2,College,Administration,5,88365,4668
650,Financial Analyst,Male,58,4,Masters,Operations,3,104744,6425
651,Warehouse Associate,Female,44,3,High School,Administration,1,79334,6505
652,Driver,Male,41,2,Masters,Administration,4,95795,4898
653,Financial Analyst,Female,58,3,PhD,Engineering,1,98512,4548
654,Data Scientist,Female,33,2,High School,Operations,4,78910,5927
655,Manager,Male,22,1,College,Management,2,103156,6277
656,Driver,Male,35,2,High School,Administration,5,92760,4826
657,Warehouse Associate,Female,42,1,PhD,Operations,5,125574,5688
658,Data Scientist,Male,62,4,College,Operations,3,93742,6580
659,Sales Associate,Male,50,2,Masters,Engineering,5,124470,5454
660,Software Engineer,Male,51,2,Masters,Engineering,3,132323,4872
661,Sales Associate,Male,22,1,High School,Sales,4,70595,5234
662,Software Engineer,Male,32,2,College,Operations,1,71278,4701
663,Data Scientist,Male,33,2,High School,Engineering,2,53855,4980
664,IT,Male,35,1,College,Management,4,98423,3879
665,Software Engineer,Male,47,2,Masters,Operations,4,126239,5396
666,Sales Associate,Male,53,2,Masters,Management,5,101133,4700
667,Warehouse Associate,Male,23,1,High School,Administration,4,92516,5866
668,Data Scientist,Male,49,3,College,Administration,3,93320,7236
669,Warehouse Associate,Female,45,1,High School,Administration,5,106963,5084
670,IT,Female,26,1,PhD,Sales,5,111770,5345
671,IT,Male,33,2,Masters,Engineering,5,106584,5426
672,Marketing Associate,Female,26,2,High School,Operations,3,57672,6476
673,Warehouse Associate,Male,50,3,Masters,Administration,1,90612,5913
674,Graphic Designer,Female,35,2,High School,Engineering,5,97768,7233
675,Financial Analyst,Male,31,2,PhD,Administration,3,82790,5826
676,Graphic Designer,Female,50,3,Masters,Administration,1,76103,5173
677,Financial Analyst,Male,38,3,Masters,Administration,1,84628,5680
678,Warehouse Associate,Female,59,2,College,Management,2,93441,5499
679,Marketing Associate,Male,42,2,Masters,Management,5,110636,5239
680,Data Scientist,Female,55,3,PhD,Administration,1,108366,5108
681,Manager,Male,38,2,Masters,Management,3,135106,5066
682,Warehouse Associate,Female,55,2,PhD,Administration,3,85453,5135
683,Graphic Designer,Male,54,3,High School,Management,3,100160,5562
684,Data Scientist,Female,48,2,College,Administration,3,79765,5329
685,Manager,Male,48,2,PhD,Engineering,4,157169,5798
686,Financial Analyst,Female,63,3,PhD,Engineering,3,129683,5754
687,Financial Analyst,Female,20,1,College,Management,2,76908,4756
688,Financial Analyst,Female,53,3,High School,Management,1,93696,5029
689,Driver,Male,40,3,High School,Sales,2,88230,5512
690,Sales Associate,Female,46,2,Masters,Management,2,83095,5284
691,IT,Female,26,2,College,Sales,3,81325,5647
692,Warehouse Associate,Female,62,2,PhD,Engineering,2,102106,5195
693,Graphic Designer,Female,43,1,PhD,Engineering,1,80635,4322
694,Marketing Associate,Female,32,2,College,Sales,3,73404,5038
695,Data Scientist,Male,44,3,High School,Sales,1,83674,4854
696,IT,Male,62,3,Masters,Engineering,4,118314,4892
697,Graphic Designer,Female,57,2,Masters,Sales,5,133741,4925
698,Software Engineer,Male,50,3,PhD,Sales,1,119522,4650
699,Sales Associate,Male,40,2,High School,Administration,3,84592,4635
700,Sales Associate,Male,64,3,PhD,Sales,2,121589,5133
701,Manager,Female,28,1,High School,Engineering,4,104329,4962
702,Warehouse Associate,Male,24,1,College,Engineering,3,71371,5220
703,Data Scientist,Male,59,4,Masters,Sales,1,96582,6350
704,Data Scientist,Male,62,3,PhD,Sales,3,108778,4357
705,Driver,Male,63,3,PhD,Management,4,128520,6151
706,Sales Associate,Female,34,1,High School,Management,5,102745,6303
707,Manager,Female,62,4,Masters,Administration,3,146008,6235
708,Marketing Associate,Female,44,2,PhD,Management,2,68364,4076
709,Driver,Male,31,2,High School,Administration,4,62753,5735
710,Data Scientist,Female,27,1,High School,Administration,5,96584,5293
711,Software Engineer,Male,32,1,College,Engineering,5,128680,4677
712,Manager,Male,55,2,College,Management,5,152710,6107
713,Software Engineer,Male,36,1,High School,Operations,5,109136,4572
714,Data Scientist,Female,53,2,PhD,Operations,2,102265,4760
715,Marketing Associate,Female,33,1,High School,Management,5,81249,4845
716,IT,Female,56,3,Masters,Management,2,101791,6083
717,Marketing Associate,Female,62,4,College,Sales,1,77584,4524
718,Driver,Female,36,1,Masters,Administration,3,88175,5004
719,Data Scientist,Female,21,1,PhD,Engineering,2,65816,6817
720,IT,Male,33,2,Masters,Sales,1,84878,5009
721,Marketing Associate,Female,28,1,Masters,Engineering,5,73685,4439
722,IT,Female,27,1,Masters,Administration,2,55560,4449
723,Software Engineer,Male,36,2,Masters,Administration,2,94745,5930
724,Data Scientist,Female,43,2,PhD,Sales,3,106452,5346
725,Sales Associate,Male,46,2,College,Management,2,95505,4549
726,Software Engineer,Male,25,1,High School,Engineering,4,103181,4566
727,Software Engineer,Male,40,2,Masters,Sales,1,120096,4690
728,Warehouse Associate,Female,47,2,College,Administration,2,87575,4422
729,Sales Associate,Male,51,3,High School,Management,2,98499,6274
730,Driver,Female,60,2,PhD,Sales,3,113140,4079
731,Manager,Male,56,2,PhD,Administration,4,152081,4621
732,Data Scientist,Female,40,1,Masters,Management,5,100505,4626
733,IT,Female,60,3,Masters,Management,2,104589,4536
734,Manager,Male,36,2,Masters,Sales,3,134450,5214
735,IT,Female,48,3,High School,Management,1,61081,6337
736,Manager,Male,37,2,PhD,Operations,1,100819,5390
737,Software Engineer,Male,64,2,PhD,Sales,5,157277,4844
738,Marketing Associate,Female,51,2,High School,Management,2,79237,4453
739,Driver,Male,20,2,High School,Sales,2,68175,5698
740,Driver,Female,61,2,College,Management,4,108475,4489
741,Software Engineer,Male,65,3,High School,Sales,2,122624,4165
742,Graphic Designer,Female,34,1,College,Management,4,99942,5352
743,Data Scientist,Female,58,2,PhD,Engineering,2,108296,4708
744,Graphic Designer,Male,45,2,Masters,Management,2,101273,3817
745,Sales Associate,Male,18,1,Masters,Administration,3,59334,5729
746,Manager,Male,43,1,PhD,Management,4,152625,4702
747,IT,Female,62,3,College,Sales,4,126370,6032
748,Financial Analyst,Female,45,2,Masters,Administration,5,122142,5435
749,Driver,Female,19,1,High School,Operations,4,75919,5613
750,Data Scientist,Male,26,1,Masters,Operations,3,90526,4191
751,IT,Female,47,2,PhD,Administration,3,103416,5536
752,Manager,Male,59,3,College,Engineering,3,133910,5795
753,Driver,Female,63,3,High School,Sales,1,104468,4466
754,Sales Associate,Female,57,2,High School,Management,4,117202,5068
755,Data Scientist,Female,51,1,PhD,Sales,5,139141,4969
756,Warehouse Associate,Female,58,1,Masters,Management,4,134109,4184
757,Sales Associate,Female,24,1,High School,Administration,2,66887,5014
758,Data Scientist,Male,41,1,College,Operations,5,77839,4458
759,Driver,Male,21,1,High School,Sales,2,61018,5513
760,IT,Female,58,2,High School,Sales,4,124847,3100
761,Financial Analyst,Female,33,2,PhD,Administration,1,50758,5386
762,Graphic Designer,Female,34,1,PhD,Operations,3,75316,5861
763,Driver,Male,54,3,PhD,Sales,2,118093,4115
764,Software Engineer,Male,31,1,College,Operations,4,106503,5225
765,Graphic Designer,Female,55,2,College,Administration,3,111502,4413
766,Sales Associate,Female,47,1,PhD,Engineering,4,116642,4621
767,Financial Analyst,Male,55,3,College,Operations,1,84683,4476
768,IT,Female,45,2,PhD,Sales,4,113283,5404
769,Marketing Associate,Female,48,2,High School,Administration,4,86538,4212
770,Marketing Associate,Female,62,3,Masters,Engineering,2,77742,5430
771,Software Engineer,Male,22,1,College,Sales,1,67913,4045
772,Financial Analyst,Female,54,2,College,Sales,2,114171,3768
773,Manager,Male,47,1,Masters,Engineering,4,155826,4964
774,Graphic Designer,Female,63,2,College,Operations,4,106204,4534
775,Graphic Designer,Female,38,1,High School,Administration,4,111041,3727
776,Software Engineer,Male,62,2,PhD,Engineering,3,138184,4664
777,Financial Analyst,Female,63,3,College,Sales,2,95795,5723
778,Sales Associate,Male,60,3,High School,Administration,3,106798,5201
779,Marketing Associate,Female,65,3,High School,Engineering,3,98575,5410
780,Warehouse Associate,Male,37,2,Masters,Administration,1,82343,5232
781,Software Engineer,Female,57,1,College,Engineering,3,117131,2324
782,Sales Associate,Male,26,2,High School,Sales,2,78625,4073
783,Financial Analyst,Male,27,2,PhD,Administration,4,99134,6255
784,Marketing Associate,Female,20,2,College,Administration,2,38613,6079
785,Marketing Associate,Female,26,2,College,Operations,1,62866,5114
786,Graphic Designer,Male,44,1,Masters,Engineering,5,107818,5281
787,Graphic Designer,Female,47,1,High School,Operations,5,108731,4793
788,Manager,Male,21,1,College,Management,2,114621,3927
789,Marketing Associate,Female,23,1,High School,Sales,2,47739,4829
790,Data Scientist,Male,45,1,Masters,Operations,3,104290,3474
791,Financial Analyst,Male,65,4,Masters,Sales,1,111403,5078
792,IT,Male,52,2,College,Administration,5,93802,5404
793,Manager,Male,30,1,High School,Sales,5,138163,3415
794,Financial Analyst,Male,50,2,Masters,Operations,3,115613,3881
795,Sales Associate,Female,18,1,Masters,Engineering,1,64920,4967
796,Software Engineer,Female,36,1,PhD,Management,1,79177,3661
797,Warehouse Associate,Male,25,1,College,Operations,1,64994,4310
798,Driver,Male,53,3,PhD,Sales,2,100941,5992
799,Manager,Male,55,1,High School,Management,5,163208,4095
800,Sales Associate,Male,24,1,PhD,Operations,2,51837,4472
801,Graphic Designer,Male,56,2,Masters,Management,4,114048,5097
802,Manager,Female,59,2,High School,Management,2,136215,3603
803,Marketing Associate,Female,55,3,High School,Administration,1,63327,4066
804,Software Engineer,Male,64,2,PhD,Engineering,4,139068,4126
805,Sales Associate,Male,63,2,Masters,Engineering,3,136209,3910
806,Software Engineer,Male,55,2,PhD,Management,3,121910,4494
807,Graphic Designer,Male,43,2,PhD,Management,2,82057,5268
808,Sales Associate,Male,51,2,High School,Engineering,1,96023,4148
809,Marketing Associate,Female,31,1,High School,Sales,3,52578,5538
810,Driver,Female,61,2,College,Administration,4,114436,4249
811,Marketing Associate,Female,56,2,Masters,Sales,4,99543,4442
812,Sales Associate,Female,41,2,College,Sales,1,60983,5022
813,Software Engineer,Male,49,3,Masters,Administration,1,82277,5460
814,Marketing Associate,Female,23,1,College,Sales,2,55885,3795
815,Graphic Designer,Male,29,1,Masters,Operations,3,73142,4712
816,Graphic Designer,Male,53,2,High School,Operations,4,107065,3652
817,Driver,Female,61,2,PhD,Engineering,2,107064,4202
818,Marketing Associate,Female,56,2,High School,Operations,5,107370,4916
819,Marketing Associate,Female,25,1,High School,Sales,1,39741,4981
820,Sales Associate,Male,64,2,High School,Management,3,120579,4687
821,Driver,Female,55,2,High School,Engineering,3,103242,4495
822,Driver,Female,42,1,Masters,Sales,5,120112,5070
823,Sales Associate,Female,61,2,High School,Sales,2,83308,3653
824,Marketing Associate,Female,26,1,High School,Management,1,36585,4373
825,Graphic Designer,Female,59,2,College,Engineering,4,115344,4827
826,Sales Associate,Male,36,2,High School,Management,1,49553,5784
827,IT,Female,54,2,Masters,Administration,3,96982,4750
828,Financial Analyst,Female,24,1,High School,Management,4,80030,5481
829,Driver,Male,58,2,College,Sales,4,110157,4275
830,Financial Analyst,Female,32,1,High School,Administration,4,84047,4683
831,Marketing Associate,Male,47,2,PhD,Sales,3,93054,4243
832,Data Scientist,Female,53,2,Masters,Engineering,2,84764,4409
833,Warehouse Associate,Female,61,1,Masters,Management,3,120277,4617
834,Marketing Associate,Female,56,2,High School,Sales,3,81661,4965
835,Manager,Female,45,1,High School,Engineering,5,149893,5120
836,Software Engineer,Male,45,2,High School,Management,1,81515,5001
837,Driver,Male,55,2,Masters,Operations,3,95898,4309
838,Warehouse Associate,Male,42,2,PhD,Operations,3,90000,4774
839,Manager,Male,60,3,High School,Management,2,111896,5597
840,Driver,Male,53,1,Masters,Engineering,5,130082,4734
841,Sales Associate,Female,60,2,PhD,Engineering,5,130417,4694
842,Marketing Associate,Female,34,1,College,Engineering,2,38855,4503
843,Software Engineer,Male,25,1,High School,Administration,4,81057,5259
844,Data Scientist,Male,41,1,High School,Management,5,117215,4322
845,Graphic Designer,Female,49,1,High School,Administration,4,96232,3697
846,Financial Analyst,Male,64,1,PhD,Operations,5,141186,3415
847,Manager,Male,52,2,High School,Operations,2,114943,3438
848,Data Scientist,Male,43,1,PhD,Administration,4,107640,3896
849,Manager,Male,31,2,College,Operations,1,80259,4791
850,Marketing Associate,Female,48,1,College,Operations,5,86563,4415
851,Data Scientist,Male,20,1,High School,Operations,2,61589,3990
852,Warehouse Associate,Male,35,1,High School,Administration,2,74829,4263
853,Graphic Designer,Female,44,1,Masters,Administration,2,72248,3634
854,Sales Associate,Male,49,2,High School,Operations,3,91342,4516
855,Sales Associate,Male,49,2,Masters,Operations,2,101140,4851
856,Marketing Associate,Male,51,2,PhD,Sales,1,62600,4300
857,Software Engineer,Male,21,1,High School,Engineering,2,65313,4685
858,Manager,Male,41,1,College,Administration,5,123153,4111
859,IT,Male,27,1,High School,Management,3,57500,3665
860,Manager,Male,37,1,PhD,Administration,3,115604,4098
861,Software Engineer,Male,18,1,High School,Sales,1,55555,4390
862,Data Scientist,Male,58,1,PhD,Engineering,5,124166,3875
863,IT,Male,50,2,Masters,Management,3,101050,3879
864,Data Scientist,Female,56,1,College,Engineering,5,125828,3961
865,Graphic Designer,Female,45,1,High School,Management,3,75017,5576
866,Marketing Associate,Female,40,1,Masters,Engineering,4,100415,3871
867,Manager,Female,57,1,Masters,Operations,3,145095,3889
868,Data Scientist,Female,63,2,High School,Administration,5,115641,4339
869,Software Engineer,Male,59,1,College,Sales,5,160460,2930
870,Financial Analyst,Male,45,2,High School,Administration,2,85947,3909
871,Financial Analyst,Female,48,1,College,Engineering,5,119058,4037
872,Warehouse Associate,Female,56,1,College,Administration,4,106722,4044
873,Financial Analyst,Female,41,2,PhD,Operations,3,91129,4825
874,Graphic Designer,Male,59,1,PhD,Sales,4,135512,3955
875,Financial Analyst,Female,49,2,College,Operations,1,92891,3578
876,Financial Analyst,Male,64,3,High School,Administration,3,124151,3392
877,Data Scientist,Female,58,1,High School,Sales,5,141005,3384
878,Manager,Male,36,1,High School,Operations,2,115742,3661
879,IT,Male,31,1,Masters,Sales,2,93358,3223
880,IT,Female,44,1,High School,Sales,5,131411,3084
881,Sales Associate,Female,61,2,College,Sales,1,96900,4157
882,IT,Male,59,3,Masters,Sales,2,98995,4596
883,IT,Male,57,3,High School,Sales,3,109645,5472
884,Financial Analyst,Male,39,2,College,Sales,1,61609,3738
885,Marketing Associate,Female,56,2,High School,Engineering,3,88820,4289
886,Data Scientist,Male,61,1,Masters,Administration,5,122352,3590
887,Marketing Associate,Female,53,1,Masters,Management,4,112489,4237
888,Software Engineer,Male,29,1,High School,Sales,1,86650,3518
889,Data Scientist,Male,62,3,High School,Operations,2,101284,4993
890,Manager,Male,41,1,Masters,Sales,2,119794,3712
891,Graphic Designer,Male,58,2,Masters,Operations,1,96609,3044
892,Marketing Associate,Female,38,1,PhD,Engineering,1,53839,3270
893,Financial Analyst,Male,29,1,Masters,Operations,2,84725,3274
894,IT,Female,57,2,High School,Administration,1,64807,3887
895,IT,Female,28,1,High School,Management,1,41151,4296
896,Financial Analyst,Female,48,1,College,Administration,4,114031,4510
897,Driver,Male,33,1,High School,Management,1,59493,3955
898,Manager,Female,42,1,High School,Management,2,119893,3721
899,Manager,Male,60,2,College,Sales,1,131980,3841
900,Sales Associate,Female,52,1,High School,Sales,3,94154,3964
901,Marketing Associate,Female,60,1,College,Management,4,114906,4766
902,Driver,Female,63,1,Masters,Management,4,115981,2661
903,Data Scientist,Male,37,1,PhD,Administration,2,78836,3588
904,Driver,Male,64,2,Masters,Operations,2,112719,3382
905,Marketing Associate,Female,59,1,Masters,Sales,3,93018,2730
906,Marketing Associate,Female,55,2,College,Sales,2,69928,4811
907,Software Engineer,Female,57,2,High School,Engineering,1,104623,3791
908,Driver,Male,55,2,College,Administration,2,103328,4543
909,Financial Analyst,Male,47,2,High School,Management,1,68643,4674
910,Graphic Designer,Female,33,1,High School,Sales,1,63914,3521
911,Sales Associate,Male,45,2,High School,Engineering,1,67296,4780
912,Graphic Designer,Female,44,1,College,Sales,3,90474,3530
913,Driver,Female,22,1,High School,Administration,1,60026,4605
914,Marketing Associate,Female,41,1,PhD,Management,5,108587,4275
915,Financial Analyst,Female,61,1,Masters,Engineering,4,139042,2982
916,Driver,Male,65,1,High School,Operations,5,116803,3431
917,Sales Associate,Female,57,1,Masters,Operations,3,101423,3641
918,Software Engineer,Male,36,1,Masters,Operations,1,86375,3368
919,IT,Male,31,1,College,Operations,1,49449,4149
920,Marketing Associate,Female,56,2,High School,Sales,3,95995,4045
921,Software Engineer,Male,51,1,College,Management,2,118282,3599
922,IT,Female,47,1,PhD,Operations,3,99472,3943
923,Manager,Female,55,1,High School,Administration,3,135638,2824
924,IT,Male,50,1,College,Operations,3,85648,2728
925,Data Scientist,Female,58,1,PhD,Management,4,121457,4723
926,Data Scientist,Female,57,1,PhD,Operations,2,114141,3746
927,Manager,Male,58,1,PhD,Management,4,179726,4284
928,Marketing Associate,Female,64,1,College,Administration,5,107572,3107
929,Sales Associate,Female,65,2,PhD,Sales,5,142505,4214
930,Financial Analyst,Male,43,1,PhD,Sales,4,108719,4143
931,IT,Male,36,1,High School,Sales,4,109832,3528
932,Software Engineer,Male,60,1,PhD,Administration,4,127250,4263
933,Sales Associate,Female,50,1,Masters,Sales,3,106279,3892
934,Software Engineer,Male,37,1,High School,Sales,1,81547,3510
935,Data Scientist,Male,56,1,Masters,Administration,2,95798,2530
936,Manager,Female,47,1,High School,Management,3,106916,3959
937,Manager,Male,59,2,PhD,Administration,1,124782,4618
938,Warehouse Associate,Male,53,1,College,Operations,4,126256,3463
939,IT,Female,59,1,PhD,Engineering,3,92257,3908
940,Software Engineer,Male,62,1,High School,Sales,3,124660,2200
941,IT,Female,32,2,High School,Engineering,1,59377,5236
942,Marketing Associate,Female,38,1,PhD,Engineering,2,76726,4204
943,IT,Female,54,1,High School,Engineering,5,112502,3988
944,Data Scientist,Male,65,2,Masters,Sales,2,128730,3247
945,Manager,Male,61,2,College,Sales,1,136836,4070
946,IT,Male,51,1,High School,Engineering,3,89272,2600
947,Financial Analyst,Female,62,1,High School,Operations,3,101515,2251
948,Software Engineer,Male,36,1,Masters,Operations,1,93855,4099
949,Graphic Designer,Male,30,1,College,Operations,2,36642,4388
950,Sales Associate,Male,60,1,College,Operations,3,112604,3366
951,Financial Analyst,Female,49,1,PhD,Engineering,1,67089,3078
952,Driver,Female,51,1,PhD,Management,2,97789,3536
953,Data Scientist,Male,62,1,PhD,Administration,3,123333,3353
954,IT,Male,62,1,PhD,Management,2,105771,2978
955,Marketing Associate,Female,46,1,College,Administration,1,54945,2991
956,Data Scientist,Female,65,1,PhD,Operations,2,121239,3078
957,Data Scientist,Female,64,2,High School,Sales,1,87314,3688
958,Driver,Female,65,1,PhD,Operations,3,124530,3647
959,Driver,Female,45,1,College,Sales,2,67150,3255
960,Financial Analyst,Male,39,1,College,Engineering,4,99643,3789
961,Sales Associate,Male,54,1,College,Administration,3,92468,3242
962,Financial Analyst,Female,47,1,College,Operations,2,63300,3655
963,IT,Male,55,2,Masters,Operations,1,91447,3196
964,Marketing Associate,Female,58,2,High School,Operations,1,60271,3927
965,Warehouse Associate,Male,34,1,Masters,Operations,1,45915,4765
966,Marketing Associate,Female,53,1,Masters,Operations,1,66028,3745
967,Sales Associate,Male,57,1,PhD,Administration,5,113031,3409
968,Software Engineer,Male,62,1,High School,Sales,3,132815,3367
969,Manager,Male,52,1,High School,Management,1,110078,1703
970,Data Scientist,Male,57,1,Masters,Sales,3,106918,3180
971,Software Engineer,Male,60,1,High School,Administration,3,106045,3079
972,Warehouse Associate,Male,65,1,High School,Operations,2,107479,2051
973,Software Engineer,Male,64,1,Masters,Sales,1,109606,2193
974,Marketing Associate,Female,44,1,High School,Engineering,3,91300,3680
975,Sales Associate,Male,56,1,High School,Management,1,88195,2375
976,Financial Analyst,Female,54,1,Masters,Operations,2,90999,2963
977,Sales Associate,Female,58,1,College,Operations,3,86795,3453
978,IT,Female,59,1,College,Sales,3,110627,2041
979,Marketing Associate,Female,52,1,PhD,Sales,3,97696,3888
980,IT,Male,64,1,Masters,Sales,1,92950,2125
981,Sales Associate,Male,56,1,High School,Operations,1,82164,2611
982,Software Engineer,Male,62,1,High School,Management,3,119069,2788
983,Marketing Associate,Female,59,1,College,Engineering,1,62738,2656
984,IT,Female,53,1,High School,Administration,2,112169,2763
985,Manager,Male,55,1,High School,Administration,1,120574,2683
986,Data Scientist,Male,54,1,College,Sales,2,97311,3083
987,Marketing Associate,Female,59,1,High School,Operations,3,98796,3042
988,Sales Associate,Male,62,1,Masters,Administration,2,102593,1823
989,Financial Analyst,Female,65,1,High School,Administration,2,96665,2645
990,Graphic Designer,Female,61,1,Masters,Engineering,1,91030,3318
991,IT,Female,65,1,Masters,Administration,1,106945,2041
992,Graphic Designer,Female,63,1,College,Administration,2,81545,3418
993,Marketing Associate,Female,65,1,Masters,Administration,1,80789,1884
994,Marketing Associate,Female,64,1,PhD,Administration,2,85253,2777
995,Marketing Associate,Female,61,1,High School,Administration,1,62644,3270
996,Data Scientist,Male,57,1,Masters,Sales,2,108977,3567
997,Financial Analyst,Male,48,1,High School,Operations,1,92347,2724
998,Financial Analyst,Male,65,2,High School,Administration,1,97376,2225
999,Financial Analyst,Male,60,1,PhD,Sales,2,123108,2244
