Team,Team Name,Year,Average Age,Total Payroll Allocations,Active 26-Man,Injured,Retained,Buried,Wins,Losses,Postseason
OAK,Oakland Athletics,2024,26.5,"$62,132,581","$28,956,713","$15,581,092","$15,557,073","$1,763,221",69,93,No Playoffs
PIT,Pittsburgh Pirates,2024,27.7,"$84,050,989","$51,220,210","$14,524,211","$15,341,351","$2,965,217",76,86,No Playoffs
TB,Tampa Bay Rays,2024,26.8,"$89,707,422","$37,691,876","$13,179,262","$34,675,167","$1,706,572",80,82,No Playoffs
DET,Detroit Tigers,2024,26,"$96,961,614","$33,226,992","$26,677,166","$36,920,494","$1,070,295",86,76,Wildcard
CLE,Cleveland Guardians,2024,26.3,"$105,224,582","$50,885,032","$21,120,833","$22,945,837","$10,272,880",92,69,Division Winner
BAL,Baltimore Orioles,2024,28.4,"$109,335,494","$65,994,548","$10,808,540","$30,650,082","$1,882,324",91,71,Wildcard
MIL,Milwaukee Brewers,2024,27.9,"$114,223,379","$71,398,748","$34,433,308","$6,151,779","$2,239,544",93,69,Division Winner
CIN,Cincinnati Reds,2024,28.3,"$100,254,855","$52,050,116","$22,271,250","$20,560,145","$1,573,344",77,85,No Playoffs
KC,Kansas City Royals,2024,29.4,"$122,566,873","$84,606,907","$14,486,000","$21,087,524","$2,386,442",86,76,Wildcard
WSH,Washington Nationals,2024,26.9,"$103,945,407","$60,351,144","$26,347,303","$14,212,004","$2,847,990",71,91,No Playoffs
MIA,Miami Marlins,2024,26.7,"$96,590,305","$11,473,396","$19,701,083","$64,284,585","$4,131,241",62,100,No Playoffs
MIN,Minnesota Twins,2024,28.5,"$129,080,051","$102,020,614","$22,053,202","$2,570,833","$2,435,402",82,80,No Playoffs
SEA,Seattle Mariners,2024,28.5,"$147,930,632","$93,668,820","$29,288,727","$28,968,591","$2,004,494",85,77,No Playoffs
SD,San Diego Padres,2024,30,"$170,855,090","$142,394,254","$9,034,386","$19,045,542","$2,437,482",93,69,Wildcard
ARI,Arizona Diamondbacks,2024,28.9,"$172,806,829","$134,502,970","$9,600,600","$25,631,063","$3,001,465",89,73,No Playoffs
STL,St. Louis Cardinals,2024,28,"$175,932,759","$112,213,666","$44,602,200","$18,024,055","$1,092,838",83,79,No Playoffs
BOS,Boston Red Sox,2024,27.5,"$188,537,445","$77,327,289","$76,400,974","$31,745,306","$3,063,876",81,81,No Playoffs
COL,Colorado Rockies,2024,26.8,"$146,100,965","$79,534,485","$51,060,000","$13,132,583","$2,373,897",61,101,No Playoffs
LAD,Los Angeles Dodgers,2024,30.4,"$240,240,117","$169,526,771","$37,949,016","$27,706,461","$1,846,901",98,64,Division Winner
SF,San Francisco Giants,2024,27.6,"$201,967,381","$102,704,227","$53,113,846","$44,357,646","$1,791,662",80,82,No Playoffs
PHI,Philadelphia Phillies,2024,29,"$246,299,605","$226,211,338","$3,031,516","$15,356,883","$1,699,868",95,67,Division Winner
ATL,Atlanta Braves,2024,30.9,"$236,433,901","$156,338,167","$47,028,814","$29,249,155","$8,417,765",89,73,Wildcard
LAA,Los Angeles Angels,2024,27.4,"$172,189,987","$40,083,433","$108,620,160","$18,817,429","$5,873,804",63,99,No Playoffs
CHC,Chicago Cubs,2024,27.9,"$229,567,975","$177,805,468","$10,207,418","$36,617,219","$7,604,537",83,79,No Playoffs
TEX,Texas Rangers,2024,29.4,"$225,545,408","$141,209,070","$70,265,121","$8,523,079","$798,138",78,84,No Playoffs
HOU,Houston Astros,2024,29.2,"$255,271,371","$174,853,862","$45,109,866","$21,665,317","$13,642,326",88,73,Division Winner
TOR,Toronto Blue Jays,2024,27.9,"$218,402,819","$132,130,693","$26,456,777","$54,615,363","$5,199,986",74,88,No Playoffs
CHW,Chicago White Sox,2024,26.1,"$132,497,547","$74,306,691","$8,284,460","$46,893,796","$3,012,600",41,121,No Playoffs
NYY,New York Yankees,2024,29.1,"$308,574,607","$260,231,924","$25,630,756","$19,146,394","$3,565,533",94,68,Division Winner
NYM,New York Mets,2024,30.4,"$314,748,899","$186,528,021","$37,578,740","$87,720,420","$3,931,503",89,73,Wildcard
BAL,Baltimore Orioles,2023,28,"$68,706,439","$53,159,734","$3,179,476","$9,861,733","$2,505,496",101,61,Division Winner
TB,Tampa Bay Rays,2023,27.5,"$74,948,362","$50,544,710","$15,788,201","$2,956,334","$1,004,572",99,63,Wildcard
PIT,Pittsburgh Pirates,2023,25.6,"$74,670,975","$30,946,061","$22,463,351","$17,801,293","$3,460,270",76,86,No Playoffs
CIN,Cincinnati Reds,2023,27.7,"$95,573,417","$43,815,845","$9,699,072","$38,896,450","$3,162,050",82,80,No Playoffs
CLE,Cleveland Guardians,2023,26.3,"$88,911,627","$54,881,912","$1,881,400","$30,397,406","$1,158,646",76,86,No Playoffs
OAK,Oakland Athletics,2023,26.1,"$62,243,227","$31,196,397","$7,178,987","$16,193,039","$7,674,804",50,112,No Playoffs
MIL,Milwaukee Brewers,2023,28.9,"$115,413,345","$86,339,557","$11,924,851","$13,590,062","$3,260,808",92,70,Division Winner
MIA,Miami Marlins,2023,28.7,"$105,435,809","$59,782,517","$25,595,861","$10,698,514","$1,158,917",84,78,No Playoffs
WSH,Washington Nationals,2023,26.9,"$93,378,663","$49,949,016","$32,648,896","$7,902,056","$2,646,435",71,91,No Playoffs
ARI,Arizona Diamondbacks,2023,27.6,"$116,777,354","$60,263,998","$11,197,775","$39,202,529","$6,113,052",84,78,Wildcard
SEA,Seattle Mariners,2023,27.1,"$124,766,903","$71,896,948","$27,157,168","$24,571,247","$1,141,540",88,74,No Playoffs
DET,Detroit Tigers,2023,27.5,"$119,344,514","$82,493,535","$20,259,107","$15,005,322","$1,586,550",78,84,No Playoffs
KC,Kansas City Royals,2023,26.7,"$95,596,347","$54,242,001","$17,014,952","$22,659,571","$1,679,823",56,106,No Playoffs
MIN,Minnesota Twins,2023,28.8,"$155,999,708","$77,967,521","$71,263,008","$3,421,766","$3,347,413",87,75,Division Winner
ATL,Atlanta Braves,2023,28.5,"$204,689,131","$158,186,507","$34,160,535","$11,447,888","$894,201",104,58,Division Winner
STL,St. Louis Cardinals,2023,27.8,"$153,793,028","$83,908,832","$48,168,555","$20,560,215","$1,155,426",71,91,No Playoffs
CHC,Chicago Cubs,2023,28.5,"$189,409,358","$134,751,105","$12,522,069","$35,403,285","$6,732,899",83,79,No Playoffs
BOS,Boston Red Sox,2023,28.3,"$180,926,796","$128,063,857","$28,736,341","$22,444,333","$1,682,265",78,84,No Playoffs
SF,San Francisco Giants,2023,28.1,"$187,398,165","$130,565,831","$39,922,449","$15,271,991","$1,637,894",79,83,No Playoffs
LAD,Los Angeles Dodgers,2023,30,"$240,278,296","$149,705,968","$33,764,202","$34,802,727","$1,290,369",100,62,Division Winner
TOR,Toronto Blue Jays,2023,29.6,"$214,630,885","$194,200,854","$6,851,292","$9,776,101","$3,802,638",89,73,Wildcard
HOU,Houston Astros,2023,29.6,"$237,107,748","$211,270,410","$16,713,200","$2,830,000","$2,694,138",90,72,Division Winner
CHW,Chicago White Sox,2023,27.9,"$162,863,836","$85,292,616","$37,717,329","$38,812,106","$1,041,785",61,101,No Playoffs
PHI,Philadelphia Phillies,2023,28.4,"$245,419,295","$218,609,553","$12,530,327","$3,345,770","$10,933,645",90,72,Wildcard
TEX,Texas Rangers,2023,29.2,"$251,332,754","$148,828,188","$96,208,979","$4,993,881","$1,301,706",90,72,No Playoffs
COL,Colorado Rockies,2023,28.1,"$171,026,607","$75,181,741","$46,742,764","$47,613,189","$1,488,913",59,103,No Playoffs
SD,San Diego Padres,2023,29.2,"$253,450,531","$163,098,555","$71,689,912","$16,420,993","$716,071",82,80,No Playoffs
LAA,Los Angeles Angels,2023,26.8,"$227,884,276","$43,769,159","$147,537,321","$28,243,281","$1,334,515",73,89,No Playoffs
NYY,New York Yankees,2023,28.5,"$278,651,150","$187,316,625","$50,681,231","$35,880,817","$1,452,477",82,80,No Playoffs
NYM,New York Mets,2023,28.4,"$341,673,777","$104,157,606","$76,849,257","$158,207,683","$2,459,231",75,87,No Playoffs
BAL,Baltimore Orioles,2022,27.1,"$44,888,388","$25,488,146","$2,759,974","$13,258,460","$3,381,808",83,79,No Playoffs
CLE,Cleveland Guardians,2022,25.6,"$66,477,492","$56,507,878","$702,900","$4,619,812","$4,646,902",92,70,Division Winner
OAK,Oakland Athletics,2022,27.1,"$48,443,900","$15,196,960","$6,642,582","$22,966,027","$3,265,269",60,102,No Playoffs
PIT,Pittsburgh Pirates,2022,26,"$56,184,032","$30,472,503","$8,449,026","$13,072,838","$4,189,665",62,100,No Playoffs
TB,Tampa Bay Rays,2022,27.9,"$97,167,073","$50,869,016","$33,372,433","$11,455,026","$1,470,598",86,76,Wildcard
ARI,Arizona Diamondbacks,2022,27.8,"$85,293,905","$53,176,803","$19,224,958","$9,707,562","$2,484,582",74,88,No Playoffs
SEA,Seattle Mariners,2022,27.6,"$110,826,407","$77,183,408","$9,896,644","$13,680,533","$2,315,822",90,72,Wildcard
MIA,Miami Marlins,2022,27.6,"$88,454,422","$50,291,980","$20,999,362","$10,674,607","$1,938,473",69,93,No Playoffs
KC,Kansas City Royals,2022,26.4,"$92,613,711","$62,728,828","$6,413,200","$21,516,010","$1,955,673",65,97,No Playoffs
MIL,Milwaukee Brewers,2022,28.5,"$130,769,325","$93,743,089","$5,763,506","$26,548,013","$4,714,717",86,76,No Playoffs
STL,St. Louis Cardinals,2022,28.8,"$155,378,325","$134,723,541","$8,750,000","$9,569,813","$2,334,971",93,69,Division Winner
HOU,Houston Astros,2022,29,"$183,791,796","$142,736,145","$21,550,000","$14,691,453","$2,135,613",106,56,Division Winner
ATL,Atlanta Braves,2022,29,"$177,138,888","$143,633,732","$20,918,726","$10,710,954","$1,875,476",101,61,Division Winner
CIN,Cincinnati Reds,2022,27.9,"$115,417,321","$22,546,012","$61,180,258","$30,148,483","$1,542,568",62,100,No Playoffs
TOR,Toronto Blue Jays,2022,28.5,"$177,001,966","$141,662,800","$25,698,159","$7,955,708","$1,685,299",92,70,Wildcard
MIN,Minnesota Twins,2022,27,"$150,363,491","$77,058,186","$53,517,506","$18,666,930","$1,120,869",78,84,No Playoffs
SF,San Francisco Giants,2022,28.3,"$161,717,317","$43,246,200","$90,082,706","$19,651,602","$2,736,809",81,81,No Playoffs
CHC,Chicago Cubs,2022,27.9,"$150,580,017","$83,228,504","$44,219,852","$20,225,459","$2,906,202",74,88,No Playoffs
DET,Detroit Tigers,2022,27.5,"$135,112,588","$105,762,860","$13,017,207","$15,133,063","$1,199,458",66,96,No Playoffs
COL,Colorado Rockies,2022,27.7,"$140,012,218","$66,960,029","$64,172,808","$7,833,905","$1,045,476",68,94,No Playoffs
TEX,Texas Rangers,2022,27.2,"$150,037,446","$100,539,086","$13,330,822","$30,024,329","$6,143,209",68,94,No Playoffs
WSH,Washington Nationals,2022,28.8,"$126,672,438","$58,988,509","$40,679,307","$25,629,924","$1,374,698",55,107,No Playoffs
LAA,Los Angeles Angels,2022,27.7,"$177,727,811","$118,104,253","$6,978,028","$49,768,044","$2,877,486",73,89,No Playoffs
LAD,Los Angeles Dodgers,2022,29.5,"$270,381,426","$231,003,922","$28,920,266","$5,332,866","$1,256,241",111,51,Division Winner
CHW,Chicago White Sox,2022,29.6,"$203,205,326","$154,697,729","$20,008,123","$25,306,501","$3,192,973",81,81,No Playoffs
SD,San Diego Padres,2022,29.2,"$224,511,694","$173,934,032","$10,925,000","$34,528,348","$921,017",89,73,Wildcard
NYY,New York Yankees,2022,29.6,"$252,957,200","$214,676,803","$25,203,665","$12,115,094","$961,638",99,63,Division Winner
NYM,New York Mets,2022,30.1,"$264,342,506","$222,412,889","$4,155,954","$28,130,999","$992,664",101,61,Wildcard
BOS,Boston Red Sox,2022,28.8,"$211,812,131","$109,769,156","$50,192,677","$48,696,520","$3,153,778",78,84,No Playoffs
PHI,Philadelphia Phillies,2022,28.3,"$244,484,097","$158,569,333","$11,897,332","$30,945,214","$9,883,756",87,75,Wildcard
CLE,Cleveland Guardians,2021,26.6,"$50,670,534","$35,682,311","$1,367,760","$11,873,544","$1,470,889",80,82,No Playoffs
TB,Tampa Bay Rays,2021,28.1,"$70,104,552","$44,288,651","$18,352,159","$6,218,025","$1,245,717",100,62,Division Winner
BAL,Baltimore Orioles,2021,26.8,"$42,421,870","$13,838,690","$7,682,535","$19,045,619","$1,855,026",52,110,No Playoffs
MIA,Miami Marlins,2021,27.1,"$58,088,180","$16,304,223","$15,489,077","$23,940,904","$2,353,976",67,95,No Playoffs
PIT,Pittsburgh Pirates,2021,26.8,"$54,356,609","$17,797,841","$7,847,255","$19,989,602","$971,911",61,101,No Playoffs
SEA,Seattle Mariners,2021,27.4,"$83,822,113","$57,010,274","$16,037,933","$8,004,079","$2,199,327",90,72,No Playoffs
OAK,Oakland Athletics,2021,30,"$89,767,668","$51,210,210","$34,397,095","$2,500,111","$1,079,752",86,76,No Playoffs
MIL,Milwaukee Brewers,2021,28.9,"$99,377,415","$79,937,621","$3,109,474","$10,266,654","$6,217,716",95,67,Division Winner
DET,Detroit Tigers,2021,27.5,"$83,698,945","$61,408,153","$13,503,703","$8,352,752","$434,337",77,85,No Playoffs
KC,Kansas City Royals,2021,27.4,"$91,595,545","$52,514,932","$15,758,956","$21,740,784","$1,580,873",74,88,No Playoffs
CHW,Chicago White Sox,2021,28,"$140,406,825","$125,829,369","$3,193,240","$10,099,143","$1,285,073",93,69,Division Winner
CIN,Cincinnati Reds,2021,28,"$126,587,447","$85,325,437","$35,531,500","$4,226,409","$1,504,101",83,79,No Playoffs
COL,Colorado Rockies,2021,27.7,"$116,208,966","$79,695,422","$5,931,272","$19,571,956","$3,010,316",74,87,No Playoffs
TEX,Texas Rangers,2021,27,"$95,788,819","$24,843,032","$7,899,375","$58,916,700","$4,129,712",60,102,No Playoffs
SF,San Francisco Giants,2021,29.6,"$171,191,545","$134,386,796","$19,766,740","$12,958,219","$4,079,790",107,55,Division Winner
TOR,Toronto Blue Jays,2021,28.2,"$150,140,253","$109,902,749","$8,853,529","$28,315,121","$3,068,854",91,71,No Playoffs
MIN,Minnesota Twins,2021,28.5,"$121,417,939","$84,942,828","$13,198,044","$19,934,219","$3,342,848",73,89,No Playoffs
STL,St. Louis Cardinals,2021,29.5,"$151,469,994","$116,018,560","$14,512,682","$19,759,129","$1,179,623",90,72,Wildcard
ATL,Atlanta Braves,2021,28.2,"$151,393,755","$115,354,620","$3,301,950","$17,735,468","$1,596,717",88,73,Division Winner
ARI,Arizona Diamondbacks,2021,27.5,"$91,632,929","$54,229,878","$8,694,478","$25,868,212","$2,840,361",52,110,No Playoffs
CHC,Chicago Cubs,2021,28,"$144,037,170","$33,340,389","$38,534,396","$71,494,409","$667,976",71,91,No Playoffs
BOS,Boston Red Sox,2021,29.1,"$186,718,068","$141,452,731","$2,832,729","$41,374,493","$1,058,115",92,70,Wildcard
HOU,Houston Astros,2021,28.7,"$194,222,042","$146,877,726","$39,870,546","$4,134,205","$3,339,565",95,67,Division Winner
NYY,New York Yankees,2021,28.9,"$203,311,013","$141,518,753","$48,217,362","$12,129,712","$1,445,186",92,70,Wildcard
WSH,Washington Nationals,2021,28.4,"$144,415,187","$50,076,145","$34,877,122","$57,061,332","$2,400,588",65,97,No Playoffs
SD,San Diego Padres,2021,29.1,"$179,767,346","$125,977,584","$49,745,500","$2,549,590","$1,494,672",79,83,No Playoffs
PHI,Philadelphia Phillies,2021,28.2,"$190,513,223","$141,014,046","$19,936,225","$13,803,916","$5,759,036",82,80,No Playoffs
LAA,Los Angeles Angels,2021,28.7,"$182,749,560","$33,967,088","$100,777,679","$46,663,119","$1,341,674",77,85,No Playoffs
LAD,Los Angeles Dodgers,2021,28.9,"$265,343,390","$174,661,542","$37,823,684","$6,150,521","$15,374,310",106,56,Wildcard
NYM,New York Mets,2021,29.6,"$201,189,189","$176,565,754","$11,933,570","$9,524,946","$3,735,419",77,85,No Playoffs
TB,Tampa Bay Rays,2020,27.9,"$28,290,689","$21,769,463","$1,958,020","$2,086,951","$2,476,255",40,20,Division Winner
BAL,Baltimore Orioles,2020,27,"$23,478,635","$10,252,278","$11,102,531","$1,264,595","$562,935",25,35,No Playoffs
OAK,Oakland Athletics,2020,29.3,"$36,720,178","$35,283,875","$902,038","$113,148","$421,117",36,24,Division Winner
MIA,Miami Marlins,2020,28.2,"$33,901,920","$17,388,599","$2,897,429","$12,335,262","$1,280,630",31,29,Wildcard
CLE,Cleveland Guardians,2020,27.8,"$39,299,107","$34,471,070","$209,630","$3,269,241","$1,139,981",35,25,Wildcard
PIT,Pittsburgh Pirates,2020,27.4,"$25,343,022","$12,738,842","$8,467,312","$2,437,508","$199,360",19,41,No Playoffs
KC,Kansas City Royals,2020,26.9,"$34,934,696","$25,320,148","$7,094,043","$1,464,114","$1,056,391",26,34,No Playoffs
MIL,Milwaukee Brewers,2020,27.9,"$41,434,086","$28,464,819","$1,203,704","$4,484,938","$1,354,699",29,31,No Playoffs
CHW,Chicago White Sox,2020,27.3,"$53,665,251","$43,034,329","$1,819,815","$7,812,642","$789,761",35,25,Wildcard
MIN,Minnesota Twins,2020,29.5,"$59,679,689","$49,057,558","$6,876,058","$7,313,300","$840,180",36,24,Division Winner
TOR,Toronto Blue Jays,2020,27.6,"$54,237,801","$33,467,052","$5,114,444","$14,667,030","$778,905",32,28,No Playoffs
ATL,Atlanta Braves,2020,29.1,"$60,552,671","$50,458,292","$7,255,497","$1,000,284","$838,598",35,25,Division Winner
CIN,Cincinnati Reds,2020,28.4,"$55,147,001","$51,854,326","$658,696","$1,922,138","$711,841",31,29,No Playoffs
SEA,Seattle Mariners,2020,26.8,"$50,563,459","$25,865,136","$3,268,960","$30,708,712","$165,095",27,33,No Playoffs
DET,Detroit Tigers,2020,26.7,"$43,164,880","$29,636,694","$6,108,631","$6,488,226","$931,329",23,35,No Playoffs
SD,San Diego Padres,2020,28.4,"$72,861,614","$54,293,958","$3,531,020","$14,471,215","$565,421",37,23,Wildcard
STL,St. Louis Cardinals,2020,28,"$73,246,343","$51,757,860","$12,343,763","$12,000,000","$1,087,757",30,28,No Playoffs
CHC,Chicago Cubs,2020,28.8,"$86,012,838","$66,116,504","$6,448,626","$12,464,463","$983,245",34,26,Division Winner
SF,San Francisco Giants,2020,29,"$73,408,817","$40,562,214","$1,428,006","$13,996,618","$8,718,276",29,31,No Playoffs
TEX,Texas Rangers,2020,26.8,"$56,098,581","$23,101,258","$16,905,177","$15,338,320","$505,066",22,38,No Playoffs
LAA,Los Angeles Angels,2020,28,"$67,040,893","$56,821,306","$509,650","$4,356,290","$596,339",26,34,No Playoffs
COL,Colorado Rockies,2020,28.4,"$67,808,533","$23,940,328","$17,205,744","$30,851,852","$958,757",26,34,No Playoffs
ARI,Arizona Diamondbacks,2020,28.1,"$65,598,752","$20,283,697","$1,589,593","$40,016,446","$500,312",25,35,No Playoffs
PHI,Philadelphia Phillies,2020,28.3,"$73,543,547","$57,105,401","$13,236,891","$2,662,073","$539,182",28,32,No Playoffs
HOU,Houston Astros,2020,27.8,"$82,655,105","$61,406,160","$18,763,334","$250,000","$754,130",29,31,Wildcard
WSH,Washington Nationals,2020,29.5,"$74,697,333","$45,664,863","$20,500,582","$7,137,096","$98,495",26,34,No Playoffs
LAD,Los Angeles Dodgers,2020,28,"$124,719,080","$94,165,961","$493,889","$16,917,530","$7,007,070",43,17,Division Winner
NYM,New York Mets,2020,29.3,"$81,945,598","$46,360,406","$15,399,881","$18,418,790","$373,486",26,34,No Playoffs
NYY,New York Yankees,2020,29,"$111,939,081","$77,215,694","$9,920,725","$23,982,977","$819,685",33,27,Wildcard
BOS,Boston Red Sox,2020,27.6,"$84,210,390","$36,071,047","$16,644,224","$15,553,004","$15,719,893",24,36,No Playoffs
TB,Tampa Bay Rays,2019,27.3,"$64,178,722","$54,345,374","$644,520","$9,084,388","$104,440",96,66,Wildcard
OAK,Oakland Athletics,2019,28.5,"$98,644,531","$83,509,128","$622,664","$13,870,505","$642,234",97,65,Wildcard
PIT,Pittsburgh Pirates,2019,26.8,"$72,176,474","$27,674,108","$19,571,272","$20,053,143","$377,951",69,93,No Playoffs
CLE,Cleveland Guardians,2019,27.6,"$106,838,693","$83,738,008","$6,588,308","$16,165,338","$347,039",93,69,No Playoffs
MIN,Minnesota Twins,2019,27.3,"$125,256,003","$96,059,595","$1,773,872","$19,156,231","$266,305",101,61,Division Winner
CHW,Chicago White Sox,2019,27.5,"$91,371,201","$67,330,431","$10,267,750","$13,080,697","$692,323",72,89,No Playoffs
MIA,Miami Marlins,2019,27.4,"$75,596,271","$66,602,760","$3,001,903","$4,968,020","$1,023,588",57,105,No Playoffs
BAL,Baltimore Orioles,2019,26.5,"$73,328,658","$52,804,601","$9,822,272","$8,886,476","$1,815,309",54,108,No Playoffs
ARI,Arizona Diamondbacks,2019,27.5,"$118,672,377","$65,040,742","$11,699,600","$26,307,583","$15,624,452",85,77,No Playoffs
SD,San Diego Padres,2019,25.6,"$103,699,790","$65,446,794","$10,746,013","$25,368,956","$2,138,027",70,92,No Playoffs
ATL,Atlanta Braves,2019,28.7,"$143,947,963","$117,758,736","$8,328,689","$17,791,906","$68,632",97,65,Division Winner
MIL,Milwaukee Brewers,2019,28.2,"$135,889,019","$107,189,797","$8,283,400","$20,248,718","$167,104",89,73,Wildcard
HOU,Houston Astros,2019,28.5,"$167,138,259","$153,370,215","$11,713,065","$1,777,467","$277,512",107,55,Division Winner
TEX,Texas Rangers,2019,26.1,"$127,538,766","$64,904,339","$26,592,526","$31,252,401","$4,789,500",78,84,No Playoffs
TOR,Toronto Blue Jays,2019,25.5,"$111,086,139","$36,637,976","$8,512,071","$65,351,162","$584,930",67,95,No Playoffs
NYM,New York Mets,2019,28.1,"$146,538,234","$104,490,573","$16,519,542","$25,220,967","$307,152",86,76,No Playoffs
CIN,Cincinnati Reds,2019,27.2,"$128,691,569","$84,680,306","$580,000","$43,074,191","$357,072",75,87,No Playoffs
KC,Kansas City Royals,2019,26.2,"$103,973,003","$68,625,332","$11,895,598","$23,207,385","$244,688",59,103,No Playoffs
WSH,Washington Nationals,2019,29.4,"$172,307,808","$155,857,858","$1,369,684","$14,062,625","$1,017,641",93,69,Wildcard
STL,St. Louis Cardinals,2019,27.3,"$173,544,423","$135,268,456","$21,794,083","$16,427,751","$54,133",91,71,Division Winner
LAD,Los Angeles Dodgers,2019,28.3,"$207,000,814","$157,394,622","$1,341,835","$41,972,880","$5,736,477",106,56,Division Winner
PHI,Philadelphia Phillies,2019,27.5,"$158,976,752","$82,703,582","$67,270,903","$3,500,513","$151,754",81,81,No Playoffs
SEA,Seattle Mariners,2019,26.9,"$144,388,309","$84,703,863","$5,638,913","$51,230,092","$1,015,441",68,94,No Playoffs
NYY,New York Yankees,2019,28.6,"$223,019,037","$171,935,047","$42,325,463","$7,772,219","$408,808",103,59,Division Winner
COL,Colorado Rockies,2019,27.3,"$155,403,513","$120,506,596","$12,420,904","$17,868,240","$4,607,773",71,91,No Playoffs
LAA,Los Angeles Angels,2019,27.2,"$157,999,465","$118,016,581","$15,868,930","$23,964,754","$149,200",72,90,No Playoffs
SF,San Francisco Giants,2019,27.8,"$178,054,110","$137,019,224","$9,768,564","$31,241,902","$24,420",77,85,No Playoffs
DET,Detroit Tigers,2019,26.8,"$114,631,137","$72,709,746","$14,738,806","$26,148,511","$1,034,074",47,114,No Playoffs
CHC,Chicago Cubs,2019,28.7,"$221,580,085","$197,673,216","$11,093,615","$8,275,227","$4,538,027",84,78,No Playoffs
BOS,Boston Red Sox,2019,28.1,"$229,166,880","$165,856,221","$37,583,783","$25,887,800","$394,076",84,78,No Playoffs
TB,Tampa Bay Rays,2018,26.5,"$68,810,167","$25,668,988","$2,213,706","$35,944,023","$4,983,450",90,72,No Playoffs
OAK,Oakland Athletics,2018,28.9,"$77,673,582","$61,525,657","$4,972,604","$10,118,631","$1,056,690",97,65,Wildcard
PIT,Pittsburgh Pirates,2018,26.7,"$91,025,861","$67,576,415","$4,670,500","$17,492,114","$1,286,832",82,79,No Playoffs
MIL,Milwaukee Brewers,2018,28.6,"$108,982,016","$87,588,839","$7,321,500","$11,383,150","$388,527",96,67,Division Winner
CHW,Chicago White Sox,2018,26.8,"$71,839,808","$54,911,542","$5,920,130","$7,681,442","$976,694",62,100,No Playoffs
PHI,Philadelphia Phillies,2018,27,"$104,297,471","$97,016,347",-,"$6,936,684","$344,440",80,82,No Playoffs
ATL,Atlanta Braves,2018,27.1,"$129,739,447","$73,767,565","$13,299,094","$42,392,955","$279,833",90,72,Division Winner
MIA,Miami Marlins,2018,26.5,"$91,665,500","$43,033,514","$15,407,490","$31,020,460","$2,204,036",63,98,No Playoffs
MIN,Minnesota Twins,2018,27.1,"$115,509,520","$56,254,373","$29,213,890","$29,264,527","$776,730",78,84,No Playoffs
CIN,Cincinnati Reds,2018,26.7,"$100,305,768","$82,511,299","$1,344,890","$15,242,487","$1,207,092",67,95,No Playoffs
SD,San Diego Padres,2018,26,"$101,760,815","$50,099,477","$5,702,300","$44,479,430","$934,608",66,96,No Playoffs
CLE,Cleveland Guardians,2018,29.6,"$142,604,703","$123,470,545","$12,836,166","$5,222,548","$1,075,444",91,71,Division Winner
COL,Colorado Rockies,2018,28.3,"$143,968,544","$131,213,168","$7,545,000","$4,442,400","$767,976",91,72,Wildcard
HOU,Houston Astros,2018,28.1,"$163,724,216","$158,720,510","$556,400","$4,027,264","$420,042",103,59,Division Winner
ARI,Arizona Diamondbacks,2018,28.9,"$141,724,597","$107,901,628","$14,124,025","$5,630,585","$14,068,359",82,80,No Playoffs
TEX,Texas Rangers,2018,27.3,"$120,525,018","$76,139,016","$6,683,451","$36,936,251","$766,300",67,95,No Playoffs
SEA,Seattle Mariners,2018,29.4,"$160,243,827","$136,839,663","$13,496,812","$9,361,340","$546,012",89,73,No Playoffs
NYY,New York Yankees,2018,27.5,"$180,098,151","$148,010,829","$22,568,376","$9,249,414","$269,532",100,62,Wildcard
STL,St. Louis Cardinals,2018,26.8,"$162,334,311","$113,741,329","$27,345,600","$20,907,798","$339,584",88,74,No Playoffs
NYM,New York Mets,2018,27.9,"$150,187,987","$82,655,203","$49,831,436","$15,314,261","$595,087",77,85,No Playoffs
CHC,Chicago Cubs,2018,28.8,"$194,259,933","$152,092,957","$37,451,220","$1,216,894","$298,862",95,68,Wildcard
DET,Detroit Tigers,2018,27.5,"$130,995,349","$67,047,516","$37,720,870","$24,437,359","$1,789,604",64,98,No Playoffs
TOR,Toronto Blue Jays,2018,26.8,"$150,946,147","$81,293,347","$20,481,474","$48,740,616","$430,710",73,89,No Playoffs
BOS,Boston Red Sox,2018,28.6,"$227,398,860","$167,955,780","$18,074,000","$41,755,860","$158,220",108,54,Division Winner
LAD,Los Angeles Dodgers,2018,28.8,"$199,582,045","$160,502,596","$3,908,850","$30,541,679","$4,628,920",92,71,Division Winner
LAA,Los Angeles Angels,2018,27.5,"$173,717,599","$91,914,083","$57,532,566","$24,127,380","$143,570",80,82,No Playoffs
WSH,Washington Nationals,2018,27.6,"$181,382,609","$130,197,979","$8,999,485","$41,161,720","$1,023,425",82,80,No Playoffs
KC,Kansas City Royals,2018,26.7,"$129,944,821","$83,618,228","$7,189,167","$37,811,905","$1,325,521",58,104,No Playoffs
BAL,Baltimore Orioles,2018,26.2,"$130,413,607","$69,637,987","$12,650,000","$43,550,980","$1,574,640",47,115,No Playoffs
SF,San Francisco Giants,2018,28.4,"$205,665,348","$119,689,218","$64,341,827","$21,136,053","$498,250",73,89,No Playoffs
MIL,Milwaukee Brewers,2017,28,"$64,576,736","$57,578,930","$547,000","$6,033,614","$417,192",86,76,No Playoffs
TB,Tampa Bay Rays,2017,27.9,"$77,811,205","$59,818,694","$6,867,218","$7,098,455","$382,917",80,82,No Playoffs
OAK,Oakland Athletics,2017,27.2,"$73,477,080","$26,723,817","$1,437,784","$39,189,018","$1,126,461",75,87,No Playoffs
SD,San Diego Padres,2017,26.5,"$76,921,678","$23,930,424","$5,182,750","$42,793,983","$5,014,521",71,91,No Playoffs
ARI,Arizona Diamondbacks,2017,28.3,"$102,619,475","$81,644,775","$19,379,200","$1,572,116","$23,384",93,69,Wildcard
CHW,Chicago White Sox,2017,26.3,"$85,495,238","$32,540,383","$7,571,000","$44,858,846","$525,009",67,95,No Playoffs
CLE,Cleveland Guardians,2017,27.9,"$132,258,928","$116,072,319","$6,129,713","$10,007,205","$49,691",102,60,Division Winner
PIT,Pittsburgh Pirates,2017,27.7,"$100,503,030","$66,496,313","$16,750,000","$14,381,028","$125,689",75,87,No Playoffs
HOU,Houston Astros,2017,28.1,"$138,344,211","$128,445,916","$835,843","$3,284,838","$2,052,614",101,61,Division Winner
CIN,Cincinnati Reds,2017,25.7,"$96,436,003","$64,567,947","$16,021,450","$15,403,006","$443,600",68,94,No Playoffs
MIN,Minnesota Twins,2017,27.8,"$120,842,831","$75,616,449","$22,830,000","$19,497,309","$2,899,073",85,77,Wildcard
MIA,Miami Marlins,2017,28.9,"$110,765,599","$72,360,311","$21,441,206","$13,782,819","$3,181,263",77,85,No Playoffs
ATL,Atlanta Braves,2017,27.5,"$105,268,575","$81,963,434","$1,997,766","$21,037,983","$269,392",72,90,No Playoffs
PHI,Philadelphia Phillies,2017,25.7,"$104,020,808","$28,213,540","$16,578,578","$58,889,622","$339,068",66,96,No Playoffs
COL,Colorado Rockies,2017,27.3,"$139,499,341","$108,379,084",-,"$30,443,391","$676,866",87,75,Wildcard
STL,St. Louis Cardinals,2017,27.1,"$145,256,085","$104,261,954","$6,935,000","$29,772,125","$587,006",83,79,No Playoffs
TEX,Texas Rangers,2017,28.1,"$141,966,320","$106,415,185","$1,074,360","$33,856,996","$619,779",78,84,No Playoffs
KC,Kansas City Royals,2017,28.3,"$148,227,822","$120,678,691","$1,046,749","$19,965,515","$1,536,867",80,82,No Playoffs
CHC,Chicago Cubs,2017,28.4,"$172,092,536","$161,127,834",-,"$10,748,400","$216,302",92,70,Division Winner
WSH,Washington Nationals,2017,29.1,"$182,238,854","$164,539,852","$11,351,707","$5,952,690","$394,605",97,65,Division Winner
NYM,New York Mets,2017,26.6,"$143,315,158","$48,736,470","$44,924,726","$49,595,502","$58,460",70,92,No Playoffs
SEA,Seattle Mariners,2017,28.4,"$160,741,810","$120,728,483","$29,449,738","$9,229,977","$1,333,612",78,84,No Playoffs
LAA,Los Angeles Angels,2017,28.9,"$166,161,209","$114,610,825","$16,095,730","$34,823,286","$631,368",80,82,No Playoffs
BOS,Boston Red Sox,2017,28.1,"$209,872,508","$172,158,546","$5,941,108","$30,597,474","$1,175,380",93,69,Division Winner
NYY,New York Yankees,2017,27.4,"$209,044,502","$161,826,896","$7,867,680","$36,170,687","$179,239",91,71,Wildcard
TOR,Toronto Blue Jays,2017,28.9,"$175,617,487","$127,315,534","$22,811,106","$21,914,802","$3,576,045",76,86,No Playoffs
BAL,Baltimore Orioles,2017,27.9,"$174,129,785","$163,560,704",-,"$7,267,168","$3,301,913",75,87,No Playoffs
LAD,Los Angeles Dodgers,2017,28.4,"$259,311,393","$182,501,228","$22,654,516","$41,492,656","$10,735,130",104,58,Division Winner
DET,Detroit Tigers,2017,27.1,"$188,028,874","$91,135,320","$18,000,000","$77,874,916","$1,018,638",64,98,No Playoffs
SF,San Francisco Giants,2017,28.1,"$188,406,809","$171,792,784","$7,219,058","$6,354,972","$3,039,995",64,98,No Playoffs
MIL,Milwaukee Brewers,2016,27.1,"$62,161,191","$49,464,613","$2,517,700","$8,299,097","$1,879,781",73,89,No Playoffs
TB,Tampa Bay Rays,2016,27.4,"$62,408,549","$36,226,000","$5,226,100","$20,177,348","$779,101",68,94,No Playoffs
MIA,Miami Marlins,2016,28,"$76,365,306","$60,842,038","$3,300,000","$10,032,559","$2,190,709",79,82,No Playoffs
CLE,Cleveland Guardians,2016,28.1,"$104,971,268","$61,284,062","$11,875,000","$30,765,065","$47,141",94,67,Division Winner
HOU,Houston Astros,2016,26.8,"$99,828,742","$75,441,606","$6,968,124","$15,955,584","$2,113,693",84,78,No Playoffs
OAK,Oakland Athletics,2016,26.7,"$83,109,288","$28,084,351","$19,754,414","$35,098,597","$171,926",69,93,No Playoffs
SD,San Diego Padres,2016,27.2,"$83,435,559","$21,508,794","$13,711,664","$48,181,815","$33,286",68,94,No Playoffs
PIT,Pittsburgh Pirates,2016,28,"$99,518,136","$57,311,465","$10,861,276","$31,267,751","$77,644",78,83,No Playoffs
CIN,Cincinnati Reds,2016,27,"$87,226,437","$63,783,665","$11,856,070","$10,862,757","$723,945",68,94,No Playoffs
ATL,Atlanta Braves,2016,26.6,"$96,019,377","$46,917,344","$8,116,832","$41,248,677","$244,024",68,93,No Playoffs
ARI,Arizona Diamondbacks,2016,26,"$97,874,482","$78,823,003","$1,051,200","$17,455,091","$545,188",69,93,No Playoffs
COL,Colorado Rockies,2016,27.4,"$106,902,280","$88,354,041","$1,289,832","$16,710,362","$548,045",75,87,No Playoffs
PHI,Philadelphia Phillies,2016,26.8,"$103,898,809","$53,797,706","$22,025,303","$21,909,132","$6,166,668",71,91,No Playoffs
WSH,Washington Nationals,2016,28.5,"$139,583,852","$119,416,458","$5,869,400","$14,207,786","$90,208",95,67,Division Winner
TEX,Texas Rangers,2016,27.5,"$143,021,690","$114,724,626","$21,458,018","$6,652,924","$186,122",95,67,Division Winner
MIN,Minnesota Twins,2016,27,"$97,244,457","$66,477,950","$24,241,532","$3,663,294","$2,861,681",59,103,No Playoffs
CHW,Chicago White Sox,2016,27,"$129,715,686","$88,724,466","$12,024,268","$28,966,952",-,78,84,No Playoffs
TOR,Toronto Blue Jays,2016,29.7,"$148,385,479","$134,332,539","$1,000,000","$12,644,767","$565,489",89,73,Wildcard
NYM,New York Mets,2016,28.1,"$147,744,060","$101,803,832","$39,822,605","$6,117,623",-,87,75,Wildcard
SEA,Seattle Mariners,2016,28.6,"$147,003,780","$132,303,221","$4,036,934","$9,931,590","$732,035",86,76,No Playoffs
BAL,Baltimore Orioles,2016,28.5,"$154,148,832","$148,307,663","$2,650,245","$2,773,173","$417,751",89,73,Wildcard
STL,St. Louis Cardinals,2016,27.9,"$149,355,870","$132,790,389","$13,596,500","$2,968,981",-,86,76,No Playoffs
KC,Kansas City Royals,2016,28.3,"$141,587,358","$106,349,212","$20,825,000","$14,210,664","$202,482",81,81,No Playoffs
CHC,Chicago Cubs,2016,28.4,"$186,772,494","$165,798,832","$2,050,500","$17,412,586","$1,510,576",103,58,Division Winner
SF,San Francisco Giants,2016,29.2,"$178,834,344","$176,684,532","$487,120","$1,082,965","$579,729",87,75,Wildcard
BOS,Boston Red Sox,2016,28.5,"$207,758,836","$165,121,274","$19,567,513","$2,194,948","$20,875,101",93,69,Division Winner
DET,Detroit Tigers,2016,28.2,"$200,179,285","$163,019,728","$28,189,200","$8,675,064","$295,293",86,75,No Playoffs
LAA,Los Angeles Angels,2016,27.7,"$174,290,373","$89,811,509","$39,667,205","$42,327,190","$2,484,469",74,88,No Playoffs
NYY,New York Yankees,2016,27.6,"$220,743,376","$159,213,515","$10,509,409","$50,238,466","$781,986",84,78,No Playoffs
LAD,Los Angeles Dodgers,2016,28.5,"$264,470,494","$193,881,011","$13,288,890","$52,652,847","$4,647,746",91,71,Division Winner
TB,Tampa Bay Rays,2015,27.1,"$73,241,552","$52,092,948","$8,440,963","$12,164,597","$543,044",80,82,No Playoffs
HOU,Houston Astros,2015,27.6,"$81,341,546","$64,818,398","$11,040,900","$3,150,680","$2,331,568",86,76,Wildcard
CLE,Cleveland Guardians,2015,27.1,"$77,404,413","$45,520,977","$680,720","$29,817,050","$1,385,666",81,80,No Playoffs
ARI,Arizona Diamondbacks,2015,26,"$76,781,801","$45,142,733","$1,026,500","$30,465,028","$147,540",79,83,No Playoffs
PIT,Pittsburgh Pirates,2015,28.8,"$99,435,606","$78,904,030","$14,318,868","$2,759,768","$452,940",98,64,Wildcard
MIA,Miami Marlins,2015,27.1,"$72,990,525","$28,171,144","$15,751,830","$19,528,890","$138,661",71,91,No Playoffs
OAK,Oakland Athletics,2015,27.9,"$80,491,339","$42,311,467","$8,772,896","$29,168,581","$238,395",68,94,No Playoffs
NYM,New York Mets,2015,28.3,"$110,398,927","$103,930,260","$5,551,249","$129,200","$476,251",90,72,Division Winner
MIN,Minnesota Twins,2015,28.1,"$106,231,818","$101,448,147","$2,070,081","$2,200,000","$513,590",83,79,No Playoffs
STL,St. Louis Cardinals,2015,28.4,"$132,178,951","$128,814,787","$3,195,000",-,"$169,164",100,62,Division Winner
KC,Kansas City Royals,2015,28.8,"$126,529,835","$111,740,891","$10,483,450","$4,047,582","$257,912",95,67,Division Winner
CHC,Chicago Cubs,2015,28.3,"$132,993,810","$106,652,384","$1,000,000","$23,656,617","$1,684,809",97,65,Wildcard
MIL,Milwaukee Brewers,2015,26.5,"$93,852,267","$58,772,714","$1,020,000","$33,510,458","$549,095",68,94,No Playoffs
BAL,Baltimore Orioles,2015,27.5,"$116,400,870","$97,083,315","$1,245,000","$17,776,584","$295,971",81,81,No Playoffs
SD,San Diego Padres,2015,27.6,"$107,915,272","$93,212,255","$11,029,819","$3,267,222","$405,976",74,88,No Playoffs
TOR,Toronto Blue Jays,2015,29.4,"$138,309,664","$106,426,104","$6,382,500","$25,214,964","$286,096",93,69,Division Winner
COL,Colorado Rockies,2015,27.1,"$101,277,051","$74,930,648","$6,103,870","$19,940,868","$301,665",68,94,No Playoffs
TEX,Texas Rangers,2015,27.6,"$135,285,607","$111,715,876","$13,135,760","$10,018,970","$415,001",88,74,Division Winner
CHW,Chicago White Sox,2015,27.4,"$116,925,487","$94,365,735","$507,500","$9,052,252",-,76,86,No Playoffs
ATL,Atlanta Braves,2015,26.7,"$110,913,266","$55,097,676","$11,263,899","$44,307,649","$244,042",67,95,No Playoffs
SEA,Seattle Mariners,2015,27.5,"$126,045,473","$95,874,782","$1,383,169","$25,921,321","$2,866,201",76,86,No Playoffs
LAA,Los Angeles Angels,2015,28,"$142,198,162","$106,512,083","$19,015,000","$16,043,722","$627,357",85,77,No Playoffs
CIN,Cincinnati Reds,2015,27.4,"$112,333,097","$68,445,559","$22,890,777","$20,832,787","$163,974",64,98,No Playoffs
WSH,Washington Nationals,2015,28,"$165,655,095","$146,009,803","$17,556,549","$2,000,000","$88,743",83,79,No Playoffs
SF,San Francisco Giants,2015,29.4,"$180,163,630","$133,109,385","$38,423,837","$7,522,089","$1,108,319",84,78,No Playoffs
DET,Detroit Tigers,2015,27.4,"$162,160,921","$109,879,336","$27,072,978","$25,208,607",-,74,87,No Playoffs
PHI,Philadelphia Phillies,2015,27.4,"$141,722,639","$52,800,331","$33,290,177","$51,719,664","$3,912,467",63,99,No Playoffs
BOS,Boston Red Sox,2015,27.2,"$183,481,478","$95,030,446","$42,985,571","$45,443,277","$22,184",78,84,No Playoffs
NYY,New York Yankees,2015,27.6,"$221,242,659","$187,465,727","$24,415,379","$8,459,561","$394,492",87,75,Wildcard
LAD,Los Angeles Dodgers,2015,28.4,"$301,735,080","$202,137,688","$20,914,084","$68,164,195","$10,519,113",92,70,Division Winner
MIA,Miami Marlins,2014,26.8,"$50,559,679","$42,496,784",-,"$7,939,616","$123,279",77,85,No Playoffs
HOU,Houston Astros,2014,26.7,"$51,679,490","$45,231,726",-,"$6,051,590","$396,174",70,92,No Playoffs
PIT,Pittsburgh Pirates,2014,27.6,"$76,802,804","$69,388,939",-,"$7,320,970","$92,895",88,74,Wildcard
CLE,Cleveland Guardians,2014,27.7,"$84,481,929","$60,720,646",-,"$23,415,930","$345,353",85,77,No Playoffs
TB,Tampa Bay Rays,2014,28,"$76,821,046","$63,704,707",-,"$13,116,339",-,77,85,No Playoffs
OAK,Oakland Athletics,2014,29.1,"$91,638,412","$65,864,461",-,"$22,605,236","$3,168,715",88,74,Wildcard
KC,Kansas City Royals,2014,28.7,"$96,603,300","$90,536,848",-,"$4,686,452","$1,380,000",89,73,Wildcard
SD,San Diego Padres,2014,27.6,"$85,001,967","$67,296,350","$501,400","$16,594,743","$609,474",77,85,No Playoffs
BAL,Baltimore Orioles,2014,28,"$113,562,943","$108,470,318",-,"$2,282,926","$2,809,699",96,66,Division Winner
NYM,New York Mets,2014,27.5,"$94,478,037","$74,021,346",-,"$19,290,982","$1,165,709",79,83,No Playoffs
CHW,Chicago White Sox,2014,26.9,"$89,297,302","$60,305,897",-,"$28,411,749","$579,656",73,89,No Playoffs
CHC,Chicago Cubs,2014,26.7,"$90,364,741","$54,429,470",-,"$34,683,034","$1,252,237",73,89,No Playoffs
MIN,Minnesota Twins,2014,27,"$87,494,478","$72,140,448",-,"$15,337,637","$16,393",70,92,No Playoffs
MIL,Milwaukee Brewers,2014,28.3,"$108,777,046","$108,174,589",-,"$520,491","$81,966",82,80,No Playoffs
SEA,Seattle Mariners,2014,27.5,"$115,534,174","$100,330,060",-,"$12,504,114","$1,700,000",87,75,No Playoffs
STL,St. Louis Cardinals,2014,27.5,"$121,340,470","$114,640,584",-,"$5,699,886","$1,000,000",90,72,Division Winner
COL,Colorado Rockies,2014,27.8,"$96,772,365","$96,456,583",-,"$202,995","$112,787",66,96,No Playoffs
ATL,Atlanta Braves,2014,27,"$116,865,707","$102,713,304",-,"$14,100,492","$51,911",79,83,No Playoffs
CIN,Cincinnati Reds,2014,27.9,"$113,351,318","$99,729,931","$5,500,000","$6,890,711","$1,744,338",76,86,No Playoffs
WSH,Washington Nationals,2014,28.3,"$143,278,577","$142,964,370",-,"$136,612","$177,595",96,66,Division Winner
ARI,Arizona Diamondbacks,2014,26.9,"$106,343,190","$67,825,588","$9,500,000","$28,134,272","$333,330",64,98,No Playoffs
LAA,Los Angeles Angels,2014,28.6,"$165,244,781","$132,293,502",-,"$32,051,279","$900,000",98,64,Division Winner
TOR,Toronto Blue Jays,2014,28,"$141,812,172","$122,125,961","$3,000,000","$5,186,211","$11,500,000",83,79,No Playoffs
SF,San Francisco Giants,2014,28.8,"$160,336,782","$152,735,333",-,"$7,501,449","$100,000",88,74,Wildcard
TEX,Texas Rangers,2014,26.8,"$124,805,583","$116,811,403",-,"$7,994,180",-,67,95,No Playoffs
DET,Detroit Tigers,2014,27.8,"$172,143,106","$148,590,789","$15,800,000","$7,255,247","$497,070",90,72,Division Winner
BOS,Boston Red Sox,2014,27.7,"$170,095,758","$95,417,971",-,"$61,397,733","$30,054",71,91,No Playoffs
PHI,Philadelphia Phillies,2014,29.1,"$175,061,605","$145,123,014","$25,000,000","$4,263,731","$674,860",73,89,No Playoffs
NYY,New York Yankees,2014,29.5,"$212,512,317","$196,734,750",-,"$15,663,048","$114,519",84,78,No Playoffs
LAD,Los Angeles Dodgers,2014,28.9,"$241,557,818","$235,557,818",-,"$3,000,000","$3,000,000",94,68,Division Winner
HOU,Houston Astros,2013,25.3,"$28,727,913","$12,078,450",-,"$15,562,961","$1,086,502",51,111,No Playoffs
MIA,Miami Marlins,2013,26.3,"$36,209,554","$27,969,339",-,"$6,896,666","$543,549",62,100,No Playoffs
OAK,Oakland Athletics,2013,28,"$67,055,517","$65,065,572",-,"$1,984,590","$5,355",96,66,Division Winner
PIT,Pittsburgh Pirates,2013,28.2,"$71,480,984","$67,762,905",-,"$832,370","$2,885,709",94,68,Wildcard
TB,Tampa Bay Rays,2013,29.1,"$72,600,703","$70,029,393","$270,436","$2,250,000","$50,874",92,71,Wildcard
SD,San Diego Padres,2013,27.5,"$67,649,701","$64,220,894",-,"$3,238,561","$190,246",76,86,No Playoffs
KC,Kansas City Royals,2013,28.2,"$84,398,434","$76,594,673",-,"$6,399,663","$1,404,098",86,76,No Playoffs
ATL,Atlanta Braves,2013,27.7,"$94,947,950","$94,401,592",-,"$202,972","$343,386",96,66,Division Winner
CLE,Cleveland Guardians,2013,28.1,"$93,008,897","$78,454,465","$602,603","$13,914,068","$37,761",92,70,Wildcard
COL,Colorado Rockies,2013,27.9,"$76,741,788","$73,766,018",-,"$1,459,705","$1,516,065",74,88,No Playoffs
ARI,Arizona Diamondbacks,2013,28.2,"$88,316,478","$78,126,043",-,"$9,916,749","$273,686",81,81,No Playoffs
CIN,Cincinnati Reds,2013,28.3,"$103,804,640","$97,930,597","$4,500,000",-,"$1,374,043",90,72,Wildcard
SEA,Seattle Mariners,2013,26.8,"$82,720,022","$63,758,496",-,"$18,717,866","$243,660",71,91,No Playoffs
BAL,Baltimore Orioles,2013,27.6,"$100,430,869","$97,466,019",-,"$1,222,009","$42,841",85,77,No Playoffs
MIL,Milwaukee Brewers,2013,27.5,"$88,221,045","$70,615,690",-,"$7,818,853","$286,502",74,88,No Playoffs
MIN,Minnesota Twins,2013,27.2,"$81,300,970","$58,450,017",-,"$17,083,194","$5,767,759",66,96,No Playoffs
STL,St. Louis Cardinals,2013,27.8,"$120,192,638","$114,729,933",-,"$5,406,476","$56,229",97,65,Division Winner
WSH,Washington Nationals,2013,26.9,"$116,584,094","$107,973,970","$491,000","$6,025,410","$2,093,714",86,76,No Playoffs
NYM,New York Mets,2013,28,"$101,300,814","$70,361,236","$500,625","$29,697,743","$741,210",74,88,No Playoffs
TEX,Texas Rangers,2013,28.5,"$137,937,146","$124,162,497","$465,901","$13,104,000","$204,748",91,72,No Playoffs
CHC,Chicago Cubs,2013,26.8,"$103,152,899","$55,657,243","$2,263,715","$40,905,330","$4,326,611",66,96,No Playoffs
DET,Detroit Tigers,2013,28.4,"$157,332,966","$151,033,294","$494,000","$5,805,672",-,93,69,Division Winner
BOS,Boston Red Sox,2013,28.9,"$172,084,264","$167,018,895",-,"$5,340,903","$96,393",97,65,Division Winner
CHW,Chicago White Sox,2013,26.9,"$111,777,595","$82,929,539",-,"$28,663,303","$184,753",63,99,No Playoffs
TOR,Toronto Blue Jays,2013,29.3,"$131,771,168","$118,289,792",-,"$5,613,565","$7,867,811",74,88,No Playoffs
LAA,Los Angeles Angels,2013,27.7,"$141,542,644","$117,426,989",-,"$23,845,171","$270,484",78,84,No Playoffs
SF,San Francisco Giants,2013,28.4,"$140,280,186","$137,880,980",-,"$2,157,977","$241,229",76,86,No Playoffs
PHI,Philadelphia Phillies,2013,28.8,"$163,536,898","$154,262,761","$765,791","$8,307,527","$200,819",73,89,No Playoffs
LAD,Los Angeles Dodgers,2013,29.1,"$236,694,375","$207,849,759",-,"$22,547,116","$6,297,500",92,70,Division Winner
NYY,New York Yankees,2013,29.8,"$234,518,126","$221,782,587",-,"$10,760,350","$1,975,189",85,77,No Playoffs
OAK,Oakland Athletics,2012,27.2,"$60,470,192","$56,608,334",-,"$3,861,858",-,94,68,Division Winner
TB,Tampa Bay Rays,2012,28.6,"$68,144,135","$67,844,135",-,"$300,000",-,90,72,No Playoffs
PIT,Pittsburgh Pirates,2012,28.2,"$61,118,682","$57,932,479",-,"$3,186,203",-,79,83,No Playoffs
SD,San Diego Padres,2012,27.5,"$63,831,125","$60,053,625",-,"$2,550,000","$1,227,500",76,86,No Playoffs
BAL,Baltimore Orioles,2012,27,"$82,932,168","$80,099,381",-,"$2,832,787",-,93,69,Wildcard
CIN,Cincinnati Reds,2012,27.8,"$89,901,498","$89,101,498",-,-,"$800,000",97,65,Division Winner
KC,Kansas City Royals,2012,26.4,"$70,344,235","$66,385,000",-,"$2,579,235","$1,380,000",72,90,No Playoffs
HOU,Houston Astros,2012,26.1,"$54,547,239","$23,728,500",-,"$30,818,739",-,55,107,No Playoffs
ARI,Arizona Diamondbacks,2012,28.6,"$80,711,013","$74,074,400",-,"$6,636,613",-,81,81,No Playoffs
WSH,Washington Nationals,2012,27.2,"$98,044,359","$95,623,594",-,"$420,765","$2,000,000",98,64,Division Winner
ATL,Atlanta Braves,2012,28.4,"$97,928,056","$86,492,616",-,"$11,435,440",-,94,68,Wildcard
SEA,Seattle Mariners,2012,26.7,"$84,289,928","$73,071,348",-,"$11,218,580",-,75,87,No Playoffs
CLE,Cleveland Guardians,2012,27.2,"$76,577,243","$70,583,254",-,"$5,993,989",-,68,94,No Playoffs
CHW,Chicago White Sox,2012,27.9,"$108,841,055","$108,119,744",-,"$721,311",-,85,77,No Playoffs
TOR,Toronto Blue Jays,2012,28.2,"$95,551,627","$89,817,658",-,"$5,083,969","$650,000",73,89,No Playoffs
MIL,Milwaukee Brewers,2012,27.7,"$113,095,795","$110,652,079",-,"$2,443,716",-,83,79,No Playoffs
LAD,Los Angeles Dodgers,2012,29,"$117,202,717","$112,952,717",-,"$4,250,000",-,86,76,No Playoffs
COL,Colorado Rockies,2012,27.2,"$87,232,529","$76,398,104",-,"$10,834,425",-,64,98,No Playoffs
STL,St. Louis Cardinals,2012,28,"$119,957,765","$118,482,081",-,"$1,475,684",-,88,74,Wildcard
NYM,New York Mets,2012,27.4,"$104,988,166","$101,049,642",-,"$3,938,524",-,74,88,No Playoffs
MIA,Miami Marlins,2012,27.3,"$98,120,191","$80,745,905",-,"$17,249,970","$124,316",69,93,No Playoffs
SF,San Francisco Giants,2012,29,"$137,043,205","$122,345,338",-,"$14,697,867",-,94,68,Division Winner
TEX,Texas Rangers,2012,27.4,"$138,312,903","$135,062,903",-,"$3,250,000",-,93,69,Wildcard
DET,Detroit Tigers,2012,27.2,"$143,782,286","$138,282,286",-,"$5,500,000",-,88,74,Division Winner
MIN,Minnesota Twins,2012,27.6,"$107,939,507","$107,939,507",-,-,-,66,96,No Playoffs
LAA,Los Angeles Angels,2012,28.4,"$157,168,625","$153,844,690",-,"$3,323,935",-,89,73,No Playoffs
CHC,Chicago Cubs,2012,26.4,"$115,861,526","$83,319,366",-,"$32,542,160",-,61,101,No Playoffs
PHI,Philadelphia Phillies,2012,29.5,"$177,862,491","$167,544,458",-,"$10,318,033",-,81,81,No Playoffs
NYY,New York Yankees,2012,30.4,"$225,589,742","$213,651,218",-,"$11,938,524",-,95,67,Division Winner
BOS,Boston Red Sox,2012,28.5,"$173,216,551","$166,392,780",-,"$6,823,771",-,69,93,No Playoffs
TB,Tampa Bay Rays,2011,27.7,"$45,386,925","$45,386,925",-,-,-,91,71,Wildcard
PIT,Pittsburgh Pirates,2011,26.9,"$47,976,645","$46,168,585",-,"$1,808,060",-,72,90,No Playoffs
SD,San Diego Padres,2011,27.9,"$48,018,810","$47,418,810",-,"$600,000",-,71,91,No Playoffs
ARI,Arizona Diamondbacks,2011,28.5,"$64,297,970","$56,498,519",-,"$6,899,451","$900,000",94,68,Division Winner
CLE,Cleveland Guardians,2011,27.4,"$55,960,593","$55,960,593",-,-,-,80,82,No Playoffs
KC,Kansas City Royals,2011,26.1,"$52,486,804","$38,687,131",-,"$12,419,673","$1,380,000",71,91,No Playoffs
MIA,Miami Marlins,2011,27.2,"$65,006,851","$63,006,851",-,"$2,000,000",-,72,90,No Playoffs
TOR,Toronto Blue Jays,2011,26.2,"$73,491,604","$56,304,461",-,"$17,187,143",-,81,81,No Playoffs
WSH,Washington Nationals,2011,27.4,"$74,574,723","$72,574,723",-,-,"$2,000,000",80,81,No Playoffs
MIL,Milwaukee Brewers,2011,28.5,"$92,277,138","$91,777,138",-,"$500,000",-,96,66,Division Winner
OAK,Oakland Athletics,2011,27.3,"$75,241,048","$68,725,475",-,"$6,515,573",-,74,88,No Playoffs
CIN,Cincinnati Reds,2011,27.8,"$81,920,546","$79,612,874",-,"$2,307,672",-,79,83,No Playoffs
TEX,Texas Rangers,2011,28,"$103,326,721","$98,857,920",-,"$4,468,801",-,96,66,Division Winner
ATL,Atlanta Braves,2011,28.7,"$98,696,230","$98,521,630",-,"$174,600",-,89,73,No Playoffs
COL,Colorado Rockies,2011,27.8,"$82,897,934","$77,367,736",-,"$5,530,198",-,73,89,No Playoffs
DET,Detroit Tigers,2011,27.6,"$111,521,015","$111,271,015",-,"$250,000",-,95,67,Division Winner
STL,St. Louis Cardinals,2011,28.3,"$118,919,465","$115,410,901",-,"$2,808,564","$700,000",90,72,Wildcard
BAL,Baltimore Orioles,2011,27.7,"$91,751,399","$91,391,741",-,-,"$359,658",69,93,No Playoffs
LAD,Los Angeles Dodgers,2011,28.6,"$115,174,517","$98,385,517",-,"$16,789,000",-,82,79,No Playoffs
SF,San Francisco Giants,2011,29,"$125,242,452","$124,142,452",-,"$1,100,000",-,86,76,No Playoffs
SEA,Seattle Mariners,2011,26.9,"$100,829,148","$88,307,834",-,"$12,521,314",-,67,95,No Playoffs
HOU,Houston Astros,2011,27.2,"$84,598,388","$71,121,885",-,"$13,476,503",-,56,106,No Playoffs
CHW,Chicago White Sox,2011,28.5,"$127,263,027","$114,482,025",-,"$12,781,002",-,79,83,No Playoffs
PHI,Philadelphia Phillies,2011,29.9,"$170,018,182","$169,849,882",-,"$168,300",-,102,60,Division Winner
LAA,Los Angeles Angels,2011,27.7,"$146,648,559","$133,613,959",-,"$13,034,600",-,86,76,No Playoffs
MIN,Minnesota Twins,2011,27.4,"$114,445,627","$107,337,033",-,"$7,108,594",-,63,99,No Playoffs
NYM,New York Mets,2011,28.7,"$142,245,841","$96,577,418",-,"$45,668,423",-,77,85,No Playoffs
BOS,Boston Red Sox,2011,28.9,"$170,490,761","$162,455,090",-,"$8,239,278",-,90,72,No Playoffs
CHC,Chicago Cubs,2011,28.1,"$137,666,584","$123,941,584",-,"$13,725,000",-,71,91,No Playoffs
NYY,New York Yankees,2011,29.5,"$210,950,685","$210,950,685",-,-,-,97,65,Division Winner
