Entity,Code,Year,Corruption Perceptions Index,World regions according to OWID
Afghanistan,AFG,2012,8,
Afghanistan,AFG,2013,8,
Afghanistan,AFG,2014,12,
Afghanistan,AFG,2015,11,
Afghanistan,AFG,2016,15,
Afghanistan,AFG,2017,15,
Afghanistan,AFG,2018,16,
Afghanistan,AFG,2019,16,
Afghanistan,AFG,2020,19,
Afghanistan,AFG,2021,16,
Afghanistan,AFG,2022,24,
Afghanistan,AFG,2023,20,Asia
Afghanistan,AFG,2024,17,
Aland Islands,ALA,2023,,Europe
Albania,ALB,2012,33,
Albania,ALB,2013,31,
Albania,ALB,2014,33,
Albania,ALB,2015,36,
Albania,ALB,2016,39,
Albania,ALB,2017,38,
Albania,ALB,2018,36,
Albania,ALB,2019,35,
Albania,ALB,2020,36,
Albania,ALB,2021,35,
Albania,ALB,2022,36,
Albania,ALB,2023,37,Europe
Albania,ALB,2024,42,
Algeria,DZA,2012,34,
Algeria,DZA,2013,36,
Algeria,DZA,2014,36,
Algeria,DZA,2015,36,
Algeria,DZA,2016,34,
Algeria,DZA,2017,33,
Algeria,DZA,2018,35,
Algeria,DZA,2019,35,
Algeria,DZA,2020,36,
Algeria,DZA,2021,33,
Algeria,DZA,2022,33,
Algeria,DZA,2023,36,Africa
Algeria,DZA,2024,34,
American Samoa,ASM,2023,,Oceania
Andorra,AND,2023,,Europe
Angola,AGO,2012,22,
Angola,AGO,2013,23,
Angola,AGO,2014,19,
Angola,AGO,2015,15,
Angola,AGO,2016,18,
Angola,AGO,2017,19,
Angola,AGO,2018,19,
Angola,AGO,2019,26,
Angola,AGO,2020,27,
Angola,AGO,2021,29,
Angola,AGO,2022,33,
Angola,AGO,2023,33,Africa
Angola,AGO,2024,32,
Anguilla,AIA,2023,,North America
Antigua and Barbuda,ATG,2023,,North America
Argentina,ARG,2012,35,
Argentina,ARG,2013,34,
Argentina,ARG,2014,34,
Argentina,ARG,2015,32,
Argentina,ARG,2016,36,
Argentina,ARG,2017,39,
Argentina,ARG,2018,40,
Argentina,ARG,2019,45,
Argentina,ARG,2020,42,
Argentina,ARG,2021,38,
Argentina,ARG,2022,38,
Argentina,ARG,2023,37,South America
Argentina,ARG,2024,37,
Armenia,ARM,2012,34,
Armenia,ARM,2013,36,
Armenia,ARM,2014,37,
Armenia,ARM,2015,35,
Armenia,ARM,2016,33,
Armenia,ARM,2017,35,
Armenia,ARM,2018,35,
Armenia,ARM,2019,42,
Armenia,ARM,2020,49,
Armenia,ARM,2021,49,
Armenia,ARM,2022,46,
Armenia,ARM,2023,47,Asia
Armenia,ARM,2024,47,
Aruba,ABW,2023,,North America
Australia,AUS,2012,85,
Australia,AUS,2013,81,
Australia,AUS,2014,80,
Australia,AUS,2015,79,
Australia,AUS,2016,79,
Australia,AUS,2017,77,
Australia,AUS,2018,77,
Australia,AUS,2019,77,
Australia,AUS,2020,77,
Australia,AUS,2021,73,
Australia,AUS,2022,75,
Australia,AUS,2023,75,Oceania
Australia,AUS,2024,77,
Austria,AUT,2012,69,
Austria,AUT,2013,69,
Austria,AUT,2014,72,
Austria,AUT,2015,76,
Austria,AUT,2016,75,
Austria,AUT,2017,75,
Austria,AUT,2018,76,
Austria,AUT,2019,77,
Austria,AUT,2020,76,
Austria,AUT,2021,74,
Austria,AUT,2022,71,
Austria,AUT,2023,71,Europe
Austria,AUT,2024,67,
Austria-Hungary,OWID_AUH,2023,,Europe
Azerbaijan,AZE,2012,27,
Azerbaijan,AZE,2013,28,
Azerbaijan,AZE,2014,29,
Azerbaijan,AZE,2015,29,
Azerbaijan,AZE,2016,30,
Azerbaijan,AZE,2017,31,
Azerbaijan,AZE,2018,25,
Azerbaijan,AZE,2019,30,
Azerbaijan,AZE,2020,30,
Azerbaijan,AZE,2021,30,
Azerbaijan,AZE,2022,23,
Azerbaijan,AZE,2023,23,Asia
Azerbaijan,AZE,2024,22,
Bahamas,BHS,2012,71,
Bahamas,BHS,2013,71,
Bahamas,BHS,2014,71,
Bahamas,BHS,2016,66,
Bahamas,BHS,2017,65,
Bahamas,BHS,2018,65,
Bahamas,BHS,2019,64,
Bahamas,BHS,2020,63,
Bahamas,BHS,2021,64,
Bahamas,BHS,2022,64,
Bahamas,BHS,2023,64,North America
Bahamas,BHS,2024,65,
Bahrain,BHR,2012,51,
Bahrain,BHR,2013,48,
Bahrain,BHR,2014,49,
Bahrain,BHR,2015,51,
Bahrain,BHR,2016,43,
Bahrain,BHR,2017,36,
Bahrain,BHR,2018,36,
Bahrain,BHR,2019,42,
Bahrain,BHR,2020,42,
Bahrain,BHR,2021,42,
Bahrain,BHR,2022,44,
Bahrain,BHR,2023,42,Asia
Bahrain,BHR,2024,53,
Bangladesh,BGD,2012,26,
Bangladesh,BGD,2013,27,
Bangladesh,BGD,2014,25,
Bangladesh,BGD,2015,25,
Bangladesh,BGD,2016,26,
Bangladesh,BGD,2017,28,
Bangladesh,BGD,2018,26,
Bangladesh,BGD,2019,26,
Bangladesh,BGD,2020,26,
Bangladesh,BGD,2021,26,
Bangladesh,BGD,2022,25,
Bangladesh,BGD,2023,24,Asia
Bangladesh,BGD,2024,23,
Barbados,BRB,2012,76,
Barbados,BRB,2013,75,
Barbados,BRB,2014,74,
Barbados,BRB,2016,61,
Barbados,BRB,2017,68,
Barbados,BRB,2018,68,
Barbados,BRB,2019,62,
Barbados,BRB,2020,64,
Barbados,BRB,2021,65,
Barbados,BRB,2022,65,
Barbados,BRB,2023,69,North America
Barbados,BRB,2024,68,
Belarus,BLR,2012,31,
Belarus,BLR,2013,29,
Belarus,BLR,2014,31,
Belarus,BLR,2015,32,
Belarus,BLR,2016,40,
Belarus,BLR,2017,44,
Belarus,BLR,2018,44,
Belarus,BLR,2019,45,
Belarus,BLR,2020,47,
Belarus,BLR,2021,41,
Belarus,BLR,2022,39,
Belarus,BLR,2023,37,Europe
Belarus,BLR,2024,33,
Belgium,BEL,2012,75,
Belgium,BEL,2013,75,
Belgium,BEL,2014,76,
Belgium,BEL,2015,77,
Belgium,BEL,2016,77,
Belgium,BEL,2017,75,
Belgium,BEL,2018,75,
Belgium,BEL,2019,75,
Belgium,BEL,2020,76,
Belgium,BEL,2021,73,
Belgium,BEL,2022,73,
Belgium,BEL,2023,73,Europe
Belgium,BEL,2024,69,
Belize,BLZ,2023,,North America
Benin,BEN,2012,36,
Benin,BEN,2013,36,
Benin,BEN,2014,39,
Benin,BEN,2015,37,
Benin,BEN,2016,36,
Benin,BEN,2017,39,
Benin,BEN,2018,40,
Benin,BEN,2019,41,
Benin,BEN,2020,41,
Benin,BEN,2021,42,
Benin,BEN,2022,43,
Benin,BEN,2023,43,Africa
Benin,BEN,2024,45,
Bermuda,BMU,2023,,North America
Bhutan,BTN,2012,63,
Bhutan,BTN,2013,63,
Bhutan,BTN,2014,65,
Bhutan,BTN,2015,65,
Bhutan,BTN,2016,65,
Bhutan,BTN,2017,67,
Bhutan,BTN,2018,68,
Bhutan,BTN,2019,68,
Bhutan,BTN,2020,68,
Bhutan,BTN,2021,68,
Bhutan,BTN,2022,68,
Bhutan,BTN,2023,68,Asia
Bhutan,BTN,2024,72,
Bolivia,BOL,2012,34,
Bolivia,BOL,2013,34,
Bolivia,BOL,2014,35,
Bolivia,BOL,2015,34,
Bolivia,BOL,2016,33,
Bolivia,BOL,2017,33,
Bolivia,BOL,2018,29,
Bolivia,BOL,2019,31,
Bolivia,BOL,2020,31,
Bolivia,BOL,2021,30,
Bolivia,BOL,2022,31,
Bolivia,BOL,2023,29,South America
Bolivia,BOL,2024,28,
Bonaire Sint Eustatius and Saba,BES,2023,,North America
Bosnia and Herzegovina,BIH,2012,42,
Bosnia and Herzegovina,BIH,2013,42,
Bosnia and Herzegovina,BIH,2014,39,
Bosnia and Herzegovina,BIH,2015,38,
Bosnia and Herzegovina,BIH,2016,39,
Bosnia and Herzegovina,BIH,2017,38,
Bosnia and Herzegovina,BIH,2018,38,
Bosnia and Herzegovina,BIH,2019,36,
Bosnia and Herzegovina,BIH,2020,35,
Bosnia and Herzegovina,BIH,2021,35,
Bosnia and Herzegovina,BIH,2022,34,
Bosnia and Herzegovina,BIH,2023,35,Europe
Bosnia and Herzegovina,BIH,2024,33,
Botswana,BWA,2012,65,
Botswana,BWA,2013,64,
Botswana,BWA,2014,63,
Botswana,BWA,2015,63,
Botswana,BWA,2016,60,
Botswana,BWA,2017,61,
Botswana,BWA,2018,61,
Botswana,BWA,2019,61,
Botswana,BWA,2020,60,
Botswana,BWA,2021,55,
Botswana,BWA,2022,60,
Botswana,BWA,2023,59,Africa
Botswana,BWA,2024,57,
Brazil,BRA,2012,43,
Brazil,BRA,2013,42,
Brazil,BRA,2014,43,
Brazil,BRA,2015,38,
Brazil,BRA,2016,40,
Brazil,BRA,2017,37,
Brazil,BRA,2018,35,
Brazil,BRA,2019,35,
Brazil,BRA,2020,38,
Brazil,BRA,2021,38,
Brazil,BRA,2022,38,
Brazil,BRA,2023,36,South America
Brazil,BRA,2024,34,
British Indian Ocean Territory,IOT,2023,,Asia
British Virgin Islands,VGB,2023,,North America
Brunei,BRN,2012,55,
Brunei,BRN,2013,60,
Brunei,BRN,2016,58,
Brunei,BRN,2017,62,
Brunei,BRN,2018,63,
Brunei,BRN,2019,60,
Brunei,BRN,2020,60,
Brunei,BRN,2023,,Asia
Bulgaria,BGR,2012,41,
Bulgaria,BGR,2013,41,
Bulgaria,BGR,2014,43,
Bulgaria,BGR,2015,41,
Bulgaria,BGR,2016,41,
Bulgaria,BGR,2017,43,
Bulgaria,BGR,2018,42,
Bulgaria,BGR,2019,43,
Bulgaria,BGR,2020,44,
Bulgaria,BGR,2021,42,
Bulgaria,BGR,2022,43,
Bulgaria,BGR,2023,45,Europe
Bulgaria,BGR,2024,43,
Burkina Faso,BFA,2012,38,
Burkina Faso,BFA,2013,38,
Burkina Faso,BFA,2014,38,
Burkina Faso,BFA,2015,38,
Burkina Faso,BFA,2016,42,
Burkina Faso,BFA,2017,42,
Burkina Faso,BFA,2018,41,
Burkina Faso,BFA,2019,40,
Burkina Faso,BFA,2020,40,
Burkina Faso,BFA,2021,42,
Burkina Faso,BFA,2022,42,
Burkina Faso,BFA,2023,41,Africa
Burkina Faso,BFA,2024,41,
Burundi,BDI,2012,19,
Burundi,BDI,2013,21,
Burundi,BDI,2014,20,
Burundi,BDI,2015,21,
Burundi,BDI,2016,20,
Burundi,BDI,2017,22,
Burundi,BDI,2018,17,
Burundi,BDI,2019,19,
Burundi,BDI,2020,19,
Burundi,BDI,2021,19,
Burundi,BDI,2022,17,
Burundi,BDI,2023,20,Africa
Burundi,BDI,2024,17,
Cambodia,KHM,2012,22,
Cambodia,KHM,2013,20,
Cambodia,KHM,2014,21,
Cambodia,KHM,2015,21,
Cambodia,KHM,2016,21,
Cambodia,KHM,2017,21,
Cambodia,KHM,2018,20,
Cambodia,KHM,2019,20,
Cambodia,KHM,2020,21,
Cambodia,KHM,2021,23,
Cambodia,KHM,2022,24,
Cambodia,KHM,2023,22,Asia
Cambodia,KHM,2024,21,
Cameroon,CMR,2012,26,
Cameroon,CMR,2013,25,
Cameroon,CMR,2014,27,
Cameroon,CMR,2015,27,
Cameroon,CMR,2016,26,
Cameroon,CMR,2017,25,
Cameroon,CMR,2018,25,
Cameroon,CMR,2019,25,
Cameroon,CMR,2020,25,
Cameroon,CMR,2021,27,
Cameroon,CMR,2022,26,
Cameroon,CMR,2023,27,Africa
Cameroon,CMR,2024,26,
Canada,CAN,2012,84,
Canada,CAN,2013,81,
Canada,CAN,2014,81,
Canada,CAN,2015,83,
Canada,CAN,2016,82,
Canada,CAN,2017,82,
Canada,CAN,2018,81,
Canada,CAN,2019,77,
Canada,CAN,2020,77,
Canada,CAN,2021,74,
Canada,CAN,2022,74,
Canada,CAN,2023,76,North America
Canada,CAN,2024,75,
Cape Verde,CPV,2012,60,
Cape Verde,CPV,2013,58,
Cape Verde,CPV,2014,57,
Cape Verde,CPV,2015,55,
Cape Verde,CPV,2016,59,
Cape Verde,CPV,2017,55,
Cape Verde,CPV,2018,57,
Cape Verde,CPV,2019,58,
Cape Verde,CPV,2020,58,
Cape Verde,CPV,2021,58,
Cape Verde,CPV,2022,60,
Cape Verde,CPV,2023,64,Africa
Cape Verde,CPV,2024,62,
Cayman Islands,CYM,2023,,North America
Central African Republic,CAF,2012,26,
Central African Republic,CAF,2013,25,
Central African Republic,CAF,2014,24,
Central African Republic,CAF,2015,24,
Central African Republic,CAF,2016,20,
Central African Republic,CAF,2017,23,
Central African Republic,CAF,2018,26,
Central African Republic,CAF,2019,25,
Central African Republic,CAF,2020,26,
Central African Republic,CAF,2021,24,
Central African Republic,CAF,2022,24,
Central African Republic,CAF,2023,24,Africa
Central African Republic,CAF,2024,24,
Chad,TCD,2012,19,
Chad,TCD,2013,19,
Chad,TCD,2014,22,
Chad,TCD,2015,22,
Chad,TCD,2016,20,
Chad,TCD,2017,20,
Chad,TCD,2018,19,
Chad,TCD,2019,20,
Chad,TCD,2020,21,
Chad,TCD,2021,20,
Chad,TCD,2022,19,
Chad,TCD,2023,20,Africa
Chad,TCD,2024,21,
Chile,CHL,2012,72,
Chile,CHL,2013,71,
Chile,CHL,2014,73,
Chile,CHL,2015,70,
Chile,CHL,2016,66,
Chile,CHL,2017,67,
Chile,CHL,2018,67,
Chile,CHL,2019,67,
Chile,CHL,2020,67,
Chile,CHL,2021,67,
Chile,CHL,2022,67,
Chile,CHL,2023,66,South America
Chile,CHL,2024,63,
China,CHN,2012,39,
China,CHN,2013,40,
China,CHN,2014,36,
China,CHN,2015,37,
China,CHN,2016,40,
China,CHN,2017,41,
China,CHN,2018,39,
China,CHN,2019,41,
China,CHN,2020,42,
China,CHN,2021,45,
China,CHN,2022,45,
China,CHN,2023,42,Asia
China,CHN,2024,43,
Christmas Island,CXR,2023,,Asia
Cocos Islands,CCK,2023,,Asia
Colombia,COL,2012,36,
Colombia,COL,2013,36,
Colombia,COL,2014,37,
Colombia,COL,2015,37,
Colombia,COL,2016,37,
Colombia,COL,2017,37,
Colombia,COL,2018,36,
Colombia,COL,2019,37,
Colombia,COL,2020,39,
Colombia,COL,2021,39,
Colombia,COL,2022,39,
Colombia,COL,2023,40,South America
Colombia,COL,2024,39,
Comoros,COM,2012,28,
Comoros,COM,2013,28,
Comoros,COM,2014,26,
Comoros,COM,2015,26,
Comoros,COM,2016,24,
Comoros,COM,2017,27,
Comoros,COM,2018,27,
Comoros,COM,2019,25,
Comoros,COM,2020,21,
Comoros,COM,2021,20,
Comoros,COM,2022,19,
Comoros,COM,2023,20,Africa
Comoros,COM,2024,21,
Congo,COG,2012,26,
Congo,COG,2013,22,
Congo,COG,2014,23,
Congo,COG,2015,23,
Congo,COG,2016,20,
Congo,COG,2017,21,
Congo,COG,2018,19,
Congo,COG,2019,19,
Congo,COG,2020,19,
Congo,COG,2021,21,
Congo,COG,2022,21,
Congo,COG,2023,22,Africa
Congo,COG,2024,23,
Cook Islands,COK,2023,,Oceania
Costa Rica,CRI,2012,54,
Costa Rica,CRI,2013,53,
Costa Rica,CRI,2014,54,
Costa Rica,CRI,2015,55,
Costa Rica,CRI,2016,58,
Costa Rica,CRI,2017,59,
Costa Rica,CRI,2018,56,
Costa Rica,CRI,2019,56,
Costa Rica,CRI,2020,57,
Costa Rica,CRI,2021,58,
Costa Rica,CRI,2022,54,
Costa Rica,CRI,2023,55,North America
Costa Rica,CRI,2024,58,
Cote d'Ivoire,CIV,2012,29,
Cote d'Ivoire,CIV,2013,27,
Cote d'Ivoire,CIV,2014,32,
Cote d'Ivoire,CIV,2015,32,
Cote d'Ivoire,CIV,2016,34,
Cote d'Ivoire,CIV,2017,36,
Cote d'Ivoire,CIV,2018,35,
Cote d'Ivoire,CIV,2019,35,
Cote d'Ivoire,CIV,2020,36,
Cote d'Ivoire,CIV,2021,36,
Cote d'Ivoire,CIV,2022,37,
Cote d'Ivoire,CIV,2023,40,Africa
Cote d'Ivoire,CIV,2024,45,
Croatia,HRV,2012,46,
Croatia,HRV,2013,48,
Croatia,HRV,2014,48,
Croatia,HRV,2015,51,
Croatia,HRV,2016,49,
Croatia,HRV,2017,49,
Croatia,HRV,2018,48,
Croatia,HRV,2019,47,
Croatia,HRV,2020,47,
Croatia,HRV,2021,47,
Croatia,HRV,2022,50,
Croatia,HRV,2023,50,Europe
Croatia,HRV,2024,47,
Cuba,CUB,2012,48,
Cuba,CUB,2013,46,
Cuba,CUB,2014,46,
Cuba,CUB,2015,47,
Cuba,CUB,2016,47,
Cuba,CUB,2017,47,
Cuba,CUB,2018,47,
Cuba,CUB,2019,48,
Cuba,CUB,2020,47,
Cuba,CUB,2021,46,
Cuba,CUB,2022,45,
Cuba,CUB,2023,42,North America
Cuba,CUB,2024,41,
Curacao,CUW,2023,,North America
Cyprus,CYP,2012,66,
Cyprus,CYP,2013,63,
Cyprus,CYP,2014,63,
Cyprus,CYP,2015,61,
Cyprus,CYP,2016,55,
Cyprus,CYP,2017,57,
Cyprus,CYP,2018,59,
Cyprus,CYP,2019,58,
Cyprus,CYP,2020,57,
Cyprus,CYP,2021,53,
Cyprus,CYP,2022,52,
Cyprus,CYP,2023,53,Europe
Cyprus,CYP,2024,56,
Czechia,CZE,2012,49,
Czechia,CZE,2013,48,
Czechia,CZE,2014,51,
Czechia,CZE,2015,56,
Czechia,CZE,2016,55,
Czechia,CZE,2017,57,
Czechia,CZE,2018,59,
Czechia,CZE,2019,56,
Czechia,CZE,2020,54,
Czechia,CZE,2021,54,
Czechia,CZE,2022,56,
Czechia,CZE,2023,57,Europe
Czechia,CZE,2024,56,
Czechoslovakia,OWID_CZS,2023,,Europe
Democratic Republic of Congo,COD,2012,21,
Democratic Republic of Congo,COD,2013,22,
Democratic Republic of Congo,COD,2014,22,
Democratic Republic of Congo,COD,2015,22,
Democratic Republic of Congo,COD,2016,21,
Democratic Republic of Congo,COD,2017,21,
Democratic Republic of Congo,COD,2018,20,
Democratic Republic of Congo,COD,2019,18,
Democratic Republic of Congo,COD,2020,18,
Democratic Republic of Congo,COD,2021,19,
Democratic Republic of Congo,COD,2022,20,
Democratic Republic of Congo,COD,2023,20,Africa
Democratic Republic of Congo,COD,2024,20,
Democratic Republic of Vietnam,,2023,,Asia
Denmark,DNK,2012,90,
Denmark,DNK,2013,91,
Denmark,DNK,2014,92,
Denmark,DNK,2015,91,
Denmark,DNK,2016,90,
Denmark,DNK,2017,88,
Denmark,DNK,2018,88,
Denmark,DNK,2019,87,
Denmark,DNK,2020,88,
Denmark,DNK,2021,88,
Denmark,DNK,2022,90,
Denmark,DNK,2023,90,Europe
Denmark,DNK,2024,90,
Djibouti,DJI,2012,36,
Djibouti,DJI,2013,36,
Djibouti,DJI,2014,34,
Djibouti,DJI,2015,34,
Djibouti,DJI,2016,30,
Djibouti,DJI,2017,31,
Djibouti,DJI,2018,31,
Djibouti,DJI,2019,30,
Djibouti,DJI,2020,27,
Djibouti,DJI,2021,30,
Djibouti,DJI,2022,30,
Djibouti,DJI,2023,30,Africa
Djibouti,DJI,2024,31,
Dominica,DMA,2012,58,
Dominica,DMA,2013,58,
Dominica,DMA,2014,58,
Dominica,DMA,2016,59,
Dominica,DMA,2017,57,
Dominica,DMA,2018,57,
Dominica,DMA,2019,55,
Dominica,DMA,2020,55,
Dominica,DMA,2021,55,
Dominica,DMA,2022,55,
Dominica,DMA,2023,56,North America
Dominica,DMA,2024,60,
Dominican Republic,DOM,2012,32,
Dominican Republic,DOM,2013,29,
Dominican Republic,DOM,2014,32,
Dominican Republic,DOM,2015,33,
Dominican Republic,DOM,2016,31,
Dominican Republic,DOM,2017,29,
Dominican Republic,DOM,2018,30,
Dominican Republic,DOM,2019,28,
Dominican Republic,DOM,2020,28,
Dominican Republic,DOM,2021,30,
Dominican Republic,DOM,2022,32,
Dominican Republic,DOM,2023,35,North America
Dominican Republic,DOM,2024,36,
Duchy of Modena and Reggio,,2023,,Europe
Duchy of Parma and Piacenza,,2023,,Europe
East Germany,OWID_GDR,2023,,Europe
East Timor,TLS,2012,33,
East Timor,TLS,2013,30,
East Timor,TLS,2014,28,
East Timor,TLS,2015,28,
East Timor,TLS,2016,35,
East Timor,TLS,2017,38,
East Timor,TLS,2018,35,
East Timor,TLS,2019,38,
East Timor,TLS,2020,40,
East Timor,TLS,2021,41,
East Timor,TLS,2022,42,
East Timor,TLS,2023,43,Asia
East Timor,TLS,2024,44,
Ecuador,ECU,2012,32,
Ecuador,ECU,2013,35,
Ecuador,ECU,2014,33,
Ecuador,ECU,2015,32,
Ecuador,ECU,2016,31,
Ecuador,ECU,2017,32,
Ecuador,ECU,2018,34,
Ecuador,ECU,2019,38,
Ecuador,ECU,2020,39,
Ecuador,ECU,2021,36,
Ecuador,ECU,2022,36,
Ecuador,ECU,2023,34,South America
Ecuador,ECU,2024,32,
Egypt,EGY,2012,32,
Egypt,EGY,2013,32,
Egypt,EGY,2014,37,
Egypt,EGY,2015,36,
Egypt,EGY,2016,34,
Egypt,EGY,2017,32,
Egypt,EGY,2018,35,
Egypt,EGY,2019,35,
Egypt,EGY,2020,33,
Egypt,EGY,2021,33,
Egypt,EGY,2022,30,
Egypt,EGY,2023,35,Africa
Egypt,EGY,2024,30,
El Salvador,SLV,2012,38,
El Salvador,SLV,2013,38,
El Salvador,SLV,2014,39,
El Salvador,SLV,2015,39,
El Salvador,SLV,2016,36,
El Salvador,SLV,2017,33,
El Salvador,SLV,2018,35,
El Salvador,SLV,2019,34,
El Salvador,SLV,2020,36,
El Salvador,SLV,2021,34,
El Salvador,SLV,2022,33,
El Salvador,SLV,2023,31,North America
El Salvador,SLV,2024,30,
Equatorial Guinea,GNQ,2012,20,
Equatorial Guinea,GNQ,2013,19,
Equatorial Guinea,GNQ,2017,17,
Equatorial Guinea,GNQ,2018,16,
Equatorial Guinea,GNQ,2019,16,
Equatorial Guinea,GNQ,2020,16,
Equatorial Guinea,GNQ,2021,17,
Equatorial Guinea,GNQ,2022,17,
Equatorial Guinea,GNQ,2023,17,Africa
Equatorial Guinea,GNQ,2024,13,
Eritrea,ERI,2012,25,
Eritrea,ERI,2013,20,
Eritrea,ERI,2014,18,
Eritrea,ERI,2015,18,
Eritrea,ERI,2016,18,
Eritrea,ERI,2017,20,
Eritrea,ERI,2018,24,
Eritrea,ERI,2019,23,
Eritrea,ERI,2020,21,
Eritrea,ERI,2021,22,
Eritrea,ERI,2022,22,
Eritrea,ERI,2023,21,Africa
Eritrea,ERI,2024,13,
Estonia,EST,2012,64,
Estonia,EST,2013,68,
Estonia,EST,2014,69,
Estonia,EST,2015,70,
Estonia,EST,2016,70,
Estonia,EST,2017,71,
Estonia,EST,2018,73,
Estonia,EST,2019,74,
Estonia,EST,2020,75,
Estonia,EST,2021,74,
Estonia,EST,2022,74,
Estonia,EST,2023,76,Europe
Estonia,EST,2024,76,
Eswatini,SWZ,2012,37,
Eswatini,SWZ,2013,39,
Eswatini,SWZ,2014,43,
Eswatini,SWZ,2017,39,
Eswatini,SWZ,2018,38,
Eswatini,SWZ,2019,34,
Eswatini,SWZ,2020,33,
Eswatini,SWZ,2021,32,
Eswatini,SWZ,2022,30,
Eswatini,SWZ,2023,30,Africa
Eswatini,SWZ,2024,27,
Ethiopia,ETH,2012,33,
Ethiopia,ETH,2013,33,
Ethiopia,ETH,2014,33,
Ethiopia,ETH,2015,33,
Ethiopia,ETH,2016,34,
Ethiopia,ETH,2017,35,
Ethiopia,ETH,2018,34,
Ethiopia,ETH,2019,37,
Ethiopia,ETH,2020,38,
Ethiopia,ETH,2021,39,
Ethiopia,ETH,2022,38,
Ethiopia,ETH,2023,37,Africa
Ethiopia,ETH,2024,37,
Ethiopia (former),OWID_ERE,2023,,Africa
Falkland Islands,FLK,2023,,South America
Faroe Islands,FRO,2023,,Europe
Federal Republic of Central America,,2023,,North America
Fiji,FJI,2021,55,
Fiji,FJI,2022,53,
Fiji,FJI,2023,52,Oceania
Fiji,FJI,2024,55,
Finland,FIN,2012,90,
Finland,FIN,2013,89,
Finland,FIN,2014,89,
Finland,FIN,2015,90,
Finland,FIN,2016,89,
Finland,FIN,2017,85,
Finland,FIN,2018,85,
Finland,FIN,2019,86,
Finland,FIN,2020,85,
Finland,FIN,2021,88,
Finland,FIN,2022,87,
Finland,FIN,2023,87,Europe
Finland,FIN,2024,88,
France,FRA,2012,71,
France,FRA,2013,71,
France,FRA,2014,69,
France,FRA,2015,70,
France,FRA,2016,69,
France,FRA,2017,70,
France,FRA,2018,72,
France,FRA,2019,69,
France,FRA,2020,69,
France,FRA,2021,71,
France,FRA,2022,72,
France,FRA,2023,71,Europe
France,FRA,2024,67,
French Guiana,GUF,2023,,South America
French Polynesia,PYF,2023,,Oceania
Gabon,GAB,2012,35,
Gabon,GAB,2013,34,
Gabon,GAB,2014,37,
Gabon,GAB,2015,34,
Gabon,GAB,2016,35,
Gabon,GAB,2017,32,
Gabon,GAB,2018,31,
Gabon,GAB,2019,31,
Gabon,GAB,2020,30,
Gabon,GAB,2021,31,
Gabon,GAB,2022,29,
Gabon,GAB,2023,28,Africa
Gabon,GAB,2024,27,
Gambia,GMB,2012,34,
Gambia,GMB,2013,28,
Gambia,GMB,2014,29,
Gambia,GMB,2015,28,
Gambia,GMB,2016,26,
Gambia,GMB,2017,30,
Gambia,GMB,2018,37,
Gambia,GMB,2019,37,
Gambia,GMB,2020,37,
Gambia,GMB,2021,37,
Gambia,GMB,2022,34,
Gambia,GMB,2023,37,Africa
Gambia,GMB,2024,38,
Georgia,GEO,2012,52,
Georgia,GEO,2013,49,
Georgia,GEO,2014,52,
Georgia,GEO,2015,52,
Georgia,GEO,2016,57,
Georgia,GEO,2017,56,
Georgia,GEO,2018,58,
Georgia,GEO,2019,56,
Georgia,GEO,2020,56,
Georgia,GEO,2021,55,
Georgia,GEO,2022,56,
Georgia,GEO,2023,53,Asia
Georgia,GEO,2024,53,
Germany,DEU,2012,79,
Germany,DEU,2013,78,
Germany,DEU,2014,79,
Germany,DEU,2015,81,
Germany,DEU,2016,81,
Germany,DEU,2017,81,
Germany,DEU,2018,80,
Germany,DEU,2019,80,
Germany,DEU,2020,80,
Germany,DEU,2021,80,
Germany,DEU,2022,79,
Germany,DEU,2023,78,Europe
Germany,DEU,2024,75,
Ghana,GHA,2012,45,
Ghana,GHA,2013,46,
Ghana,GHA,2014,48,
Ghana,GHA,2015,47,
Ghana,GHA,2016,43,
Ghana,GHA,2017,40,
Ghana,GHA,2018,41,
Ghana,GHA,2019,41,
Ghana,GHA,2020,43,
Ghana,GHA,2021,43,
Ghana,GHA,2022,43,
Ghana,GHA,2023,43,Africa
Ghana,GHA,2024,42,
Gibraltar,GIB,2023,,Europe
Grand Duchy of Baden,,2023,,Europe
Grand Duchy of Tuscany,,2023,,Europe
Great Colombia,,2023,,South America
Greece,GRC,2012,36,
Greece,GRC,2013,40,
Greece,GRC,2014,43,
Greece,GRC,2015,46,
Greece,GRC,2016,44,
Greece,GRC,2017,48,
Greece,GRC,2018,45,
Greece,GRC,2019,48,
Greece,GRC,2020,50,
Greece,GRC,2021,49,
Greece,GRC,2022,52,
Greece,GRC,2023,49,Europe
Greece,GRC,2024,49,
Greenland,GRL,2023,,North America
Grenada,GRD,2016,56,
Grenada,GRD,2017,52,
Grenada,GRD,2018,52,
Grenada,GRD,2019,53,
Grenada,GRD,2020,53,
Grenada,GRD,2021,53,
Grenada,GRD,2022,52,
Grenada,GRD,2023,53,North America
Grenada,GRD,2024,56,
Guadeloupe,GLP,2023,,North America
Guam,GUM,2023,,Oceania
Guatemala,GTM,2012,33,
Guatemala,GTM,2013,29,
Guatemala,GTM,2014,32,
Guatemala,GTM,2015,28,
Guatemala,GTM,2016,28,
Guatemala,GTM,2017,28,
Guatemala,GTM,2018,27,
Guatemala,GTM,2019,26,
Guatemala,GTM,2020,25,
Guatemala,GTM,2021,25,
Guatemala,GTM,2022,24,
Guatemala,GTM,2023,23,North America
Guatemala,GTM,2024,25,
Guernsey,GGY,2023,,Europe
Guinea,GIN,2012,24,
Guinea,GIN,2013,24,
Guinea,GIN,2014,25,
Guinea,GIN,2015,25,
Guinea,GIN,2016,27,
Guinea,GIN,2017,27,
Guinea,GIN,2018,28,
Guinea,GIN,2019,29,
Guinea,GIN,2020,28,
Guinea,GIN,2021,25,
Guinea,GIN,2022,25,
Guinea,GIN,2023,26,Africa
Guinea,GIN,2024,28,
Guinea-Bissau,GNB,2012,25,
Guinea-Bissau,GNB,2013,19,
Guinea-Bissau,GNB,2014,19,
Guinea-Bissau,GNB,2015,17,
Guinea-Bissau,GNB,2016,16,
Guinea-Bissau,GNB,2017,17,
Guinea-Bissau,GNB,2018,16,
Guinea-Bissau,GNB,2019,18,
Guinea-Bissau,GNB,2020,19,
Guinea-Bissau,GNB,2021,21,
Guinea-Bissau,GNB,2022,21,
Guinea-Bissau,GNB,2023,22,Africa
Guinea-Bissau,GNB,2024,21,
Guyana,GUY,2012,28,
Guyana,GUY,2013,27,
Guyana,GUY,2014,30,
Guyana,GUY,2015,29,
Guyana,GUY,2016,34,
Guyana,GUY,2017,38,
Guyana,GUY,2018,37,
Guyana,GUY,2019,40,
Guyana,GUY,2020,41,
Guyana,GUY,2021,39,
Guyana,GUY,2022,40,
Guyana,GUY,2023,40,South America
Guyana,GUY,2024,39,
Haiti,HTI,2012,19,
Haiti,HTI,2013,19,
Haiti,HTI,2014,19,
Haiti,HTI,2015,17,
Haiti,HTI,2016,20,
Haiti,HTI,2017,22,
Haiti,HTI,2018,20,
Haiti,HTI,2019,18,
Haiti,HTI,2020,18,
Haiti,HTI,2021,20,
Haiti,HTI,2022,17,
Haiti,HTI,2023,17,North America
Haiti,HTI,2024,16,
Honduras,HND,2012,28,
Honduras,HND,2013,26,
Honduras,HND,2014,29,
Honduras,HND,2015,31,
Honduras,HND,2016,30,
Honduras,HND,2017,29,
Honduras,HND,2018,29,
Honduras,HND,2019,26,
Honduras,HND,2020,24,
Honduras,HND,2021,23,
Honduras,HND,2022,23,
Honduras,HND,2023,23,North America
Honduras,HND,2024,22,
Hong Kong,HKG,2012,77,
Hong Kong,HKG,2013,75,
Hong Kong,HKG,2014,74,
Hong Kong,HKG,2015,75,
Hong Kong,HKG,2016,77,
Hong Kong,HKG,2017,77,
Hong Kong,HKG,2018,76,
Hong Kong,HKG,2019,76,
Hong Kong,HKG,2020,77,
Hong Kong,HKG,2021,76,
Hong Kong,HKG,2022,76,
Hong Kong,HKG,2023,75,Asia
Hong Kong,HKG,2024,74,
Hungary,HUN,2012,55,
Hungary,HUN,2013,54,
Hungary,HUN,2014,54,
Hungary,HUN,2015,51,
Hungary,HUN,2016,48,
Hungary,HUN,2017,45,
Hungary,HUN,2018,46,
Hungary,HUN,2019,44,
Hungary,HUN,2020,44,
Hungary,HUN,2021,43,
Hungary,HUN,2022,42,
Hungary,HUN,2023,42,Europe
Hungary,HUN,2024,41,
Iceland,ISL,2012,82,
Iceland,ISL,2013,78,
Iceland,ISL,2014,79,
Iceland,ISL,2015,79,
Iceland,ISL,2016,78,
Iceland,ISL,2017,77,
Iceland,ISL,2018,76,
Iceland,ISL,2019,78,
Iceland,ISL,2020,75,
Iceland,ISL,2021,74,
Iceland,ISL,2022,74,
Iceland,ISL,2023,72,Europe
Iceland,ISL,2024,77,
India,IND,2012,36,
India,IND,2013,36,
India,IND,2014,38,
India,IND,2015,38,
India,IND,2016,40,
India,IND,2017,40,
India,IND,2018,41,
India,IND,2019,41,
India,IND,2020,40,
India,IND,2021,40,
India,IND,2022,40,
India,IND,2023,39,Asia
India,IND,2024,38,
Indonesia,IDN,2012,32,
Indonesia,IDN,2013,32,
Indonesia,IDN,2014,34,
Indonesia,IDN,2015,36,
Indonesia,IDN,2016,37,
Indonesia,IDN,2017,37,
Indonesia,IDN,2018,38,
Indonesia,IDN,2019,40,
Indonesia,IDN,2020,37,
Indonesia,IDN,2021,38,
Indonesia,IDN,2022,34,
Indonesia,IDN,2023,34,Asia
Indonesia,IDN,2024,37,
Iran,IRN,2012,28,
Iran,IRN,2013,25,
Iran,IRN,2014,27,
Iran,IRN,2015,27,
Iran,IRN,2016,29,
Iran,IRN,2017,30,
Iran,IRN,2018,28,
Iran,IRN,2019,26,
Iran,IRN,2020,25,
Iran,IRN,2021,25,
Iran,IRN,2022,25,
Iran,IRN,2023,24,Asia
Iran,IRN,2024,23,
Iraq,IRQ,2012,18,
Iraq,IRQ,2013,16,
Iraq,IRQ,2014,16,
Iraq,IRQ,2015,16,
Iraq,IRQ,2016,17,
Iraq,IRQ,2017,18,
Iraq,IRQ,2018,18,
Iraq,IRQ,2019,20,
Iraq,IRQ,2020,21,
Iraq,IRQ,2021,23,
Iraq,IRQ,2022,23,
Iraq,IRQ,2023,23,Asia
Iraq,IRQ,2024,26,
Ireland,IRL,2012,69,
Ireland,IRL,2013,72,
Ireland,IRL,2014,74,
Ireland,IRL,2015,75,
Ireland,IRL,2016,73,
Ireland,IRL,2017,74,
Ireland,IRL,2018,73,
Ireland,IRL,2019,74,
Ireland,IRL,2020,72,
Ireland,IRL,2021,74,
Ireland,IRL,2022,77,
Ireland,IRL,2023,77,Europe
Ireland,IRL,2024,77,
Isle of Man,IMN,2023,,Europe
Israel,ISR,2012,60,
Israel,ISR,2013,61,
Israel,ISR,2014,60,
Israel,ISR,2015,61,
Israel,ISR,2016,64,
Israel,ISR,2017,62,
Israel,ISR,2018,61,
Israel,ISR,2019,60,
Israel,ISR,2020,60,
Israel,ISR,2021,59,
Israel,ISR,2022,63,
Israel,ISR,2023,62,Asia
Israel,ISR,2024,64,
Italy,ITA,2012,42,
Italy,ITA,2013,43,
Italy,ITA,2014,43,
Italy,ITA,2015,44,
Italy,ITA,2016,47,
Italy,ITA,2017,50,
Italy,ITA,2018,52,
Italy,ITA,2019,53,
Italy,ITA,2020,53,
Italy,ITA,2021,56,
Italy,ITA,2022,56,
Italy,ITA,2023,56,Europe
Italy,ITA,2024,54,
Jamaica,JAM,2012,38,
Jamaica,JAM,2013,38,
Jamaica,JAM,2014,38,
Jamaica,JAM,2015,41,
Jamaica,JAM,2016,39,
Jamaica,JAM,2017,44,
Jamaica,JAM,2018,44,
Jamaica,JAM,2019,43,
Jamaica,JAM,2020,44,
Jamaica,JAM,2021,44,
Jamaica,JAM,2022,44,
Jamaica,JAM,2023,44,North America
Jamaica,JAM,2024,44,
Japan,JPN,2012,74,
Japan,JPN,2013,74,
Japan,JPN,2014,76,
Japan,JPN,2015,75,
Japan,JPN,2016,72,
Japan,JPN,2017,73,
Japan,JPN,2018,73,
Japan,JPN,2019,73,
Japan,JPN,2020,74,
Japan,JPN,2021,73,
Japan,JPN,2022,73,
Japan,JPN,2023,73,Asia
Japan,JPN,2024,71,
Jersey,JEY,2023,,Europe
Jordan,JOR,2012,48,
Jordan,JOR,2013,45,
Jordan,JOR,2014,49,
Jordan,JOR,2015,53,
Jordan,JOR,2016,48,
Jordan,JOR,2017,48,
Jordan,JOR,2018,49,
Jordan,JOR,2019,48,
Jordan,JOR,2020,49,
Jordan,JOR,2021,49,
Jordan,JOR,2022,47,
Jordan,JOR,2023,46,Asia
Jordan,JOR,2024,49,
Kazakhstan,KAZ,2012,28,
Kazakhstan,KAZ,2013,26,
Kazakhstan,KAZ,2014,29,
Kazakhstan,KAZ,2015,28,
Kazakhstan,KAZ,2016,29,
Kazakhstan,KAZ,2017,31,
Kazakhstan,KAZ,2018,31,
Kazakhstan,KAZ,2019,34,
Kazakhstan,KAZ,2020,38,
Kazakhstan,KAZ,2021,37,
Kazakhstan,KAZ,2022,36,
Kazakhstan,KAZ,2023,39,Asia
Kazakhstan,KAZ,2024,40,
Kenya,KEN,2012,27,
Kenya,KEN,2013,27,
Kenya,KEN,2014,25,
Kenya,KEN,2015,25,
Kenya,KEN,2016,26,
Kenya,KEN,2017,28,
Kenya,KEN,2018,27,
Kenya,KEN,2019,28,
Kenya,KEN,2020,31,
Kenya,KEN,2021,30,
Kenya,KEN,2022,32,
Kenya,KEN,2023,31,Africa
Kenya,KEN,2024,32,
Kingdom of Bavaria,,2023,,Europe
Kingdom of Sardinia,,2023,,Europe
Kingdom of Saxony,,2023,,Europe
Kingdom of Wurttemberg,,2023,,Europe
Kingdom of the Two Sicilies,,2023,,Europe
Kiribati,KIR,2023,,Oceania
Korea (former),OWID_KRU,2023,,Asia
Kosovo,OWID_KOS,2012,34,
Kosovo,OWID_KOS,2013,33,
Kosovo,OWID_KOS,2014,33,
Kosovo,OWID_KOS,2015,33,
Kosovo,OWID_KOS,2016,36,
Kosovo,OWID_KOS,2017,39,
Kosovo,OWID_KOS,2018,37,
Kosovo,OWID_KOS,2019,36,
Kosovo,OWID_KOS,2020,36,
Kosovo,OWID_KOS,2021,39,
Kosovo,OWID_KOS,2022,41,
Kosovo,OWID_KOS,2023,41,Europe
Kosovo,OWID_KOS,2024,44,
Kuwait,KWT,2012,44,
Kuwait,KWT,2013,43,
Kuwait,KWT,2014,44,
Kuwait,KWT,2015,49,
Kuwait,KWT,2016,41,
Kuwait,KWT,2017,39,
Kuwait,KWT,2018,41,
Kuwait,KWT,2019,40,
Kuwait,KWT,2020,42,
Kuwait,KWT,2021,43,
Kuwait,KWT,2022,42,
Kuwait,KWT,2023,46,Asia
Kuwait,KWT,2024,46,
Kyrgyzstan,KGZ,2012,24,
Kyrgyzstan,KGZ,2013,24,
Kyrgyzstan,KGZ,2014,27,
Kyrgyzstan,KGZ,2015,28,
Kyrgyzstan,KGZ,2016,28,
Kyrgyzstan,KGZ,2017,29,
Kyrgyzstan,KGZ,2018,29,
Kyrgyzstan,KGZ,2019,30,
Kyrgyzstan,KGZ,2020,31,
Kyrgyzstan,KGZ,2021,27,
Kyrgyzstan,KGZ,2022,27,
Kyrgyzstan,KGZ,2023,26,Asia
Kyrgyzstan,KGZ,2024,25,
Laos,LAO,2012,21,
Laos,LAO,2013,26,
Laos,LAO,2014,25,
Laos,LAO,2015,25,
Laos,LAO,2016,30,
Laos,LAO,2017,29,
Laos,LAO,2018,29,
Laos,LAO,2019,29,
Laos,LAO,2020,29,
Laos,LAO,2021,30,
Laos,LAO,2022,31,
Laos,LAO,2023,28,Asia
Laos,LAO,2024,33,
Latvia,LVA,2012,49,
Latvia,LVA,2013,53,
Latvia,LVA,2014,55,
Latvia,LVA,2015,56,
Latvia,LVA,2016,57,
Latvia,LVA,2017,58,
Latvia,LVA,2018,58,
Latvia,LVA,2019,56,
Latvia,LVA,2020,57,
Latvia,LVA,2021,59,
Latvia,LVA,2022,59,
Latvia,LVA,2023,60,Europe
Latvia,LVA,2024,59,
Lebanon,LBN,2012,30,
Lebanon,LBN,2013,28,
Lebanon,LBN,2014,27,
Lebanon,LBN,2015,28,
Lebanon,LBN,2016,28,
Lebanon,LBN,2017,28,
Lebanon,LBN,2018,28,
Lebanon,LBN,2019,28,
Lebanon,LBN,2020,25,
Lebanon,LBN,2021,24,
Lebanon,LBN,2022,24,
Lebanon,LBN,2023,24,Asia
Lebanon,LBN,2024,22,
Lesotho,LSO,2012,45,
Lesotho,LSO,2013,49,
Lesotho,LSO,2014,49,
Lesotho,LSO,2015,44,
Lesotho,LSO,2016,39,
Lesotho,LSO,2017,42,
Lesotho,LSO,2018,41,
Lesotho,LSO,2019,40,
Lesotho,LSO,2020,41,
Lesotho,LSO,2021,38,
Lesotho,LSO,2022,37,
Lesotho,LSO,2023,39,Africa
Lesotho,LSO,2024,37,
Liberia,LBR,2012,41,
Liberia,LBR,2013,38,
Liberia,LBR,2014,37,
Liberia,LBR,2015,37,
Liberia,LBR,2016,37,
Liberia,LBR,2017,31,
Liberia,LBR,2018,32,
Liberia,LBR,2019,28,
Liberia,LBR,2020,28,
Liberia,LBR,2021,29,
Liberia,LBR,2022,26,
Liberia,LBR,2023,25,Africa
Liberia,LBR,2024,27,
Libya,LBY,2012,21,
Libya,LBY,2013,15,
Libya,LBY,2014,18,
Libya,LBY,2015,16,
Libya,LBY,2016,14,
Libya,LBY,2017,17,
Libya,LBY,2018,17,
Libya,LBY,2019,18,
Libya,LBY,2020,17,
Libya,LBY,2021,17,
Libya,LBY,2022,17,
Libya,LBY,2023,18,Africa
Libya,LBY,2024,13,
Liechtenstein,LIE,2023,,Europe
Lithuania,LTU,2012,54,
Lithuania,LTU,2013,57,
Lithuania,LTU,2014,58,
Lithuania,LTU,2015,59,
Lithuania,LTU,2016,59,
Lithuania,LTU,2017,59,
Lithuania,LTU,2018,59,
Lithuania,LTU,2019,60,
Lithuania,LTU,2020,60,
Lithuania,LTU,2021,61,
Lithuania,LTU,2022,62,
Lithuania,LTU,2023,61,Europe
Lithuania,LTU,2024,63,
Luxembourg,LUX,2012,80,
Luxembourg,LUX,2013,80,
Luxembourg,LUX,2014,82,
Luxembourg,LUX,2015,85,
Luxembourg,LUX,2016,81,
Luxembourg,LUX,2017,82,
Luxembourg,LUX,2018,81,
Luxembourg,LUX,2019,80,
Luxembourg,LUX,2020,80,
Luxembourg,LUX,2021,81,
Luxembourg,LUX,2022,77,
Luxembourg,LUX,2023,78,Europe
Luxembourg,LUX,2024,81,
Macao,MAC,2023,,Asia
Madagascar,MDG,2012,32,
Madagascar,MDG,2013,28,
Madagascar,MDG,2014,28,
Madagascar,MDG,2015,28,
Madagascar,MDG,2016,26,
Madagascar,MDG,2017,24,
Madagascar,MDG,2018,25,
Madagascar,MDG,2019,24,
Madagascar,MDG,2020,25,
Madagascar,MDG,2021,26,
Madagascar,MDG,2022,26,
Madagascar,MDG,2023,25,Africa
Madagascar,MDG,2024,26,
Malawi,MWI,2012,37,
Malawi,MWI,2013,37,
Malawi,MWI,2014,33,
Malawi,MWI,2015,31,
Malawi,MWI,2016,31,
Malawi,MWI,2017,31,
Malawi,MWI,2018,32,
Malawi,MWI,2019,31,
Malawi,MWI,2020,30,
Malawi,MWI,2021,35,
Malawi,MWI,2022,34,
Malawi,MWI,2023,34,Africa
Malawi,MWI,2024,34,
Malaysia,MYS,2012,49,
Malaysia,MYS,2013,50,
Malaysia,MYS,2014,52,
Malaysia,MYS,2015,50,
Malaysia,MYS,2016,49,
Malaysia,MYS,2017,47,
Malaysia,MYS,2018,47,
Malaysia,MYS,2019,53,
Malaysia,MYS,2020,51,
Malaysia,MYS,2021,48,
Malaysia,MYS,2022,47,
Malaysia,MYS,2023,50,Asia
Malaysia,MYS,2024,50,
Maldives,MDV,2016,36,
Maldives,MDV,2017,33,
Maldives,MDV,2018,31,
Maldives,MDV,2019,29,
Maldives,MDV,2020,43,
Maldives,MDV,2021,40,
Maldives,MDV,2022,40,
Maldives,MDV,2023,39,Asia
Maldives,MDV,2024,38,
Mali,MLI,2012,34,
Mali,MLI,2013,28,
Mali,MLI,2014,32,
Mali,MLI,2015,35,
Mali,MLI,2016,32,
Mali,MLI,2017,31,
Mali,MLI,2018,32,
Mali,MLI,2019,29,
Mali,MLI,2020,30,
Mali,MLI,2021,29,
Mali,MLI,2022,28,
Mali,MLI,2023,28,Africa
Mali,MLI,2024,27,
Malta,MLT,2012,57,
Malta,MLT,2013,56,
Malta,MLT,2014,55,
Malta,MLT,2015,60,
Malta,MLT,2016,55,
Malta,MLT,2017,56,
Malta,MLT,2018,54,
Malta,MLT,2019,54,
Malta,MLT,2020,53,
Malta,MLT,2021,54,
Malta,MLT,2022,51,
Malta,MLT,2023,51,Europe
Malta,MLT,2024,46,
Marshall Islands,MHL,2023,,Oceania
Martinique,MTQ,2023,,North America
Mauritania,MRT,2012,31,
Mauritania,MRT,2013,30,
Mauritania,MRT,2014,30,
Mauritania,MRT,2015,31,
Mauritania,MRT,2016,27,
Mauritania,MRT,2017,28,
Mauritania,MRT,2018,27,
Mauritania,MRT,2019,28,
Mauritania,MRT,2020,29,
Mauritania,MRT,2021,28,
Mauritania,MRT,2022,30,
Mauritania,MRT,2023,30,Africa
Mauritania,MRT,2024,30,
Mauritius,MUS,2012,57,
Mauritius,MUS,2013,52,
Mauritius,MUS,2014,54,
Mauritius,MUS,2015,53,
Mauritius,MUS,2016,54,
Mauritius,MUS,2017,50,
Mauritius,MUS,2018,51,
Mauritius,MUS,2019,52,
Mauritius,MUS,2020,53,
Mauritius,MUS,2021,54,
Mauritius,MUS,2022,50,
Mauritius,MUS,2023,51,Africa
Mauritius,MUS,2024,51,
Mayotte,MYT,2023,,Africa
Mexico,MEX,2012,34,
Mexico,MEX,2013,34,
Mexico,MEX,2014,35,
Mexico,MEX,2015,31,
Mexico,MEX,2016,30,
Mexico,MEX,2017,29,
Mexico,MEX,2018,28,
Mexico,MEX,2019,29,
Mexico,MEX,2020,31,
Mexico,MEX,2021,31,
Mexico,MEX,2022,31,
Mexico,MEX,2023,31,North America
Mexico,MEX,2024,26,
Micronesia (country),FSM,2023,,Oceania
Moldova,MDA,2012,36,
Moldova,MDA,2013,35,
Moldova,MDA,2014,35,
Moldova,MDA,2015,33,
Moldova,MDA,2016,30,
Moldova,MDA,2017,31,
Moldova,MDA,2018,33,
Moldova,MDA,2019,32,
Moldova,MDA,2020,34,
Moldova,MDA,2021,36,
Moldova,MDA,2022,39,
Moldova,MDA,2023,42,Europe
Moldova,MDA,2024,43,
Monaco,MCO,2023,,Europe
Mongolia,MNG,2012,36,
Mongolia,MNG,2013,38,
Mongolia,MNG,2014,39,
Mongolia,MNG,2015,39,
Mongolia,MNG,2016,38,
Mongolia,MNG,2017,36,
Mongolia,MNG,2018,37,
Mongolia,MNG,2019,35,
Mongolia,MNG,2020,35,
Mongolia,MNG,2021,35,
Mongolia,MNG,2022,33,
Mongolia,MNG,2023,33,Asia
Mongolia,MNG,2024,33,
Montenegro,MNE,2012,41,
Montenegro,MNE,2013,44,
Montenegro,MNE,2014,42,
Montenegro,MNE,2015,44,
Montenegro,MNE,2016,45,
Montenegro,MNE,2017,46,
Montenegro,MNE,2018,45,
Montenegro,MNE,2019,45,
Montenegro,MNE,2020,45,
Montenegro,MNE,2021,46,
Montenegro,MNE,2022,45,
Montenegro,MNE,2023,46,Europe
Montenegro,MNE,2024,46,
Montserrat,MSR,2023,,North America
Morocco,MAR,2012,37,
Morocco,MAR,2013,37,
Morocco,MAR,2014,39,
Morocco,MAR,2015,36,
Morocco,MAR,2016,37,
Morocco,MAR,2017,40,
Morocco,MAR,2018,43,
Morocco,MAR,2019,41,
Morocco,MAR,2020,40,
Morocco,MAR,2021,39,
Morocco,MAR,2022,38,
Morocco,MAR,2023,38,Africa
Morocco,MAR,2024,37,
Mozambique,MOZ,2012,31,
Mozambique,MOZ,2013,30,
Mozambique,MOZ,2014,31,
Mozambique,MOZ,2015,31,
Mozambique,MOZ,2016,27,
Mozambique,MOZ,2017,25,
Mozambique,MOZ,2018,23,
Mozambique,MOZ,2019,26,
Mozambique,MOZ,2020,25,
Mozambique,MOZ,2021,26,
Mozambique,MOZ,2022,26,
Mozambique,MOZ,2023,25,Africa
Mozambique,MOZ,2024,25,
Myanmar,MMR,2012,15,
Myanmar,MMR,2013,21,
Myanmar,MMR,2014,21,
Myanmar,MMR,2015,22,
Myanmar,MMR,2016,28,
Myanmar,MMR,2017,30,
Myanmar,MMR,2018,29,
Myanmar,MMR,2019,29,
Myanmar,MMR,2020,28,
Myanmar,MMR,2021,28,
Myanmar,MMR,2022,23,
Myanmar,MMR,2023,20,Asia
Myanmar,MMR,2024,16,
Namibia,NAM,2012,48,
Namibia,NAM,2013,48,
Namibia,NAM,2014,49,
Namibia,NAM,2015,53,
Namibia,NAM,2016,52,
Namibia,NAM,2017,51,
Namibia,NAM,2018,53,
Namibia,NAM,2019,52,
Namibia,NAM,2020,51,
Namibia,NAM,2021,49,
Namibia,NAM,2022,49,
Namibia,NAM,2023,49,Africa
Namibia,NAM,2024,49,
Nauru,NRU,2023,,Oceania
Nepal,NPL,2012,27,
Nepal,NPL,2013,31,
Nepal,NPL,2014,29,
Nepal,NPL,2015,27,
Nepal,NPL,2016,29,
Nepal,NPL,2017,31,
Nepal,NPL,2018,31,
Nepal,NPL,2019,34,
Nepal,NPL,2020,33,
Nepal,NPL,2021,33,
Nepal,NPL,2022,34,
Nepal,NPL,2023,35,Asia
Nepal,NPL,2024,34,
Netherlands,NLD,2012,84,
Netherlands,NLD,2013,83,
Netherlands,NLD,2014,83,
Netherlands,NLD,2015,84,
Netherlands,NLD,2016,83,
Netherlands,NLD,2017,82,
Netherlands,NLD,2018,82,
Netherlands,NLD,2019,82,
Netherlands,NLD,2020,82,
Netherlands,NLD,2021,82,
Netherlands,NLD,2022,80,
Netherlands,NLD,2023,79,Europe
Netherlands,NLD,2024,78,
Netherlands Antilles,ANT,2023,,North America
New Caledonia,NCL,2023,,Oceania
New Zealand,NZL,2012,90,
New Zealand,NZL,2013,91,
New Zealand,NZL,2014,91,
New Zealand,NZL,2015,91,
New Zealand,NZL,2016,90,
New Zealand,NZL,2017,89,
New Zealand,NZL,2018,87,
New Zealand,NZL,2019,87,
New Zealand,NZL,2020,88,
New Zealand,NZL,2021,88,
New Zealand,NZL,2022,87,
New Zealand,NZL,2023,85,Oceania
New Zealand,NZL,2024,83,
Nicaragua,NIC,2012,29,
Nicaragua,NIC,2013,28,
Nicaragua,NIC,2014,28,
Nicaragua,NIC,2015,27,
Nicaragua,NIC,2016,26,
Nicaragua,NIC,2017,26,
Nicaragua,NIC,2018,25,
Nicaragua,NIC,2019,22,
Nicaragua,NIC,2020,22,
Nicaragua,NIC,2021,20,
Nicaragua,NIC,2022,19,
Nicaragua,NIC,2023,17,North America
Nicaragua,NIC,2024,14,
Niger,NER,2012,33,
Niger,NER,2013,34,
Niger,NER,2014,35,
Niger,NER,2015,34,
Niger,NER,2016,35,
Niger,NER,2017,33,
Niger,NER,2018,34,
Niger,NER,2019,32,
Niger,NER,2020,32,
Niger,NER,2021,31,
Niger,NER,2022,32,
Niger,NER,2023,32,Africa
Niger,NER,2024,34,
Nigeria,NGA,2012,27,
Nigeria,NGA,2013,25,
Nigeria,NGA,2014,27,
Nigeria,NGA,2015,26,
Nigeria,NGA,2016,28,
Nigeria,NGA,2017,27,
Nigeria,NGA,2018,27,
Nigeria,NGA,2019,26,
Nigeria,NGA,2020,25,
Nigeria,NGA,2021,24,
Nigeria,NGA,2022,24,
Nigeria,NGA,2023,25,Africa
Nigeria,NGA,2024,26,
Niue,NIU,2023,,Oceania
Norfolk Island,NFK,2023,,Oceania
North Korea,PRK,2012,8,
North Korea,PRK,2013,8,
North Korea,PRK,2014,8,
North Korea,PRK,2015,8,
North Korea,PRK,2016,12,
North Korea,PRK,2017,17,
North Korea,PRK,2018,14,
North Korea,PRK,2019,17,
North Korea,PRK,2020,18,
North Korea,PRK,2021,16,
North Korea,PRK,2022,17,
North Korea,PRK,2023,17,Asia
North Korea,PRK,2024,15,
North Macedonia,MKD,2012,43,
North Macedonia,MKD,2013,44,
North Macedonia,MKD,2014,45,
North Macedonia,MKD,2015,42,
North Macedonia,MKD,2016,37,
North Macedonia,MKD,2017,35,
North Macedonia,MKD,2018,37,
North Macedonia,MKD,2019,35,
North Macedonia,MKD,2020,35,
North Macedonia,MKD,2021,39,
North Macedonia,MKD,2022,40,
North Macedonia,MKD,2023,42,Europe
North Macedonia,MKD,2024,40,
Northern Mariana Islands,MNP,2023,,Oceania
Norway,NOR,2012,85,
Norway,NOR,2013,86,
Norway,NOR,2014,86,
Norway,NOR,2015,88,
Norway,NOR,2016,85,
Norway,NOR,2017,85,
Norway,NOR,2018,84,
Norway,NOR,2019,84,
Norway,NOR,2020,84,
Norway,NOR,2021,85,
Norway,NOR,2022,84,
Norway,NOR,2023,84,Europe
Norway,NOR,2024,81,
Oman,OMN,2012,47,
Oman,OMN,2013,47,
Oman,OMN,2014,45,
Oman,OMN,2015,45,
Oman,OMN,2016,45,
Oman,OMN,2017,44,
Oman,OMN,2018,52,
Oman,OMN,2019,52,
Oman,OMN,2020,54,
Oman,OMN,2021,52,
Oman,OMN,2022,44,
Oman,OMN,2023,43,Asia
Oman,OMN,2024,55,
Orange Free State,,2023,,Africa
Pakistan,PAK,2012,27,
Pakistan,PAK,2013,28,
Pakistan,PAK,2014,29,
Pakistan,PAK,2015,30,
Pakistan,PAK,2016,32,
Pakistan,PAK,2017,32,
Pakistan,PAK,2018,33,
Pakistan,PAK,2019,32,
Pakistan,PAK,2020,31,
Pakistan,PAK,2021,28,
Pakistan,PAK,2022,27,
Pakistan,PAK,2023,29,Asia
Pakistan,PAK,2024,27,
Pakistan (former),,2023,,Asia
Palau,PLW,2023,,Oceania
Palestine,PSE,2023,,Asia
Panama,PAN,2012,38,
Panama,PAN,2013,35,
Panama,PAN,2014,37,
Panama,PAN,2015,39,
Panama,PAN,2016,38,
Panama,PAN,2017,37,
Panama,PAN,2018,37,
Panama,PAN,2019,36,
Panama,PAN,2020,35,
Panama,PAN,2021,36,
Panama,PAN,2022,36,
Panama,PAN,2023,35,North America
Panama,PAN,2024,33,
Papua New Guinea,PNG,2012,25,
Papua New Guinea,PNG,2013,25,
Papua New Guinea,PNG,2014,25,
Papua New Guinea,PNG,2015,25,
Papua New Guinea,PNG,2016,28,
Papua New Guinea,PNG,2017,29,
Papua New Guinea,PNG,2018,28,
Papua New Guinea,PNG,2019,28,
Papua New Guinea,PNG,2020,27,
Papua New Guinea,PNG,2021,31,
Papua New Guinea,PNG,2022,30,
Papua New Guinea,PNG,2023,29,Oceania
Papua New Guinea,PNG,2024,31,
Paraguay,PRY,2012,25,
Paraguay,PRY,2013,24,
Paraguay,PRY,2014,24,
Paraguay,PRY,2015,27,
Paraguay,PRY,2016,30,
Paraguay,PRY,2017,29,
Paraguay,PRY,2018,29,
Paraguay,PRY,2019,28,
Paraguay,PRY,2020,28,
Paraguay,PRY,2021,30,
Paraguay,PRY,2022,28,
Paraguay,PRY,2023,28,South America
Paraguay,PRY,2024,24,
Peru,PER,2012,38,
Peru,PER,2013,38,
Peru,PER,2014,38,
Peru,PER,2015,36,
Peru,PER,2016,35,
Peru,PER,2017,37,
Peru,PER,2018,35,
Peru,PER,2019,36,
Peru,PER,2020,38,
Peru,PER,2021,36,
Peru,PER,2022,36,
Peru,PER,2023,33,South America
Peru,PER,2024,31,
Philippines,PHL,2012,34,
Philippines,PHL,2013,36,
Philippines,PHL,2014,38,
Philippines,PHL,2015,35,
Philippines,PHL,2016,35,
Philippines,PHL,2017,34,
Philippines,PHL,2018,36,
Philippines,PHL,2019,34,
Philippines,PHL,2020,34,
Philippines,PHL,2021,33,
Philippines,PHL,2022,33,
Philippines,PHL,2023,34,Asia
Philippines,PHL,2024,33,
Pitcairn,PCN,2023,,Oceania
Poland,POL,2012,58,
Poland,POL,2013,60,
Poland,POL,2014,61,
Poland,POL,2015,63,
Poland,POL,2016,62,
Poland,POL,2017,60,
Poland,POL,2018,60,
Poland,POL,2019,58,
Poland,POL,2020,56,
Poland,POL,2021,56,
Poland,POL,2022,55,
Poland,POL,2023,54,Europe
Poland,POL,2024,53,
Portugal,PRT,2012,63,
Portugal,PRT,2013,62,
Portugal,PRT,2014,63,
Portugal,PRT,2015,64,
Portugal,PRT,2016,62,
Portugal,PRT,2017,63,
Portugal,PRT,2018,64,
Portugal,PRT,2019,62,
Portugal,PRT,2020,61,
Portugal,PRT,2021,62,
Portugal,PRT,2022,62,
Portugal,PRT,2023,61,Europe
Portugal,PRT,2024,57,
Puerto Rico,PRI,2012,63,
Puerto Rico,PRI,2013,62,
Puerto Rico,PRI,2014,63,
Puerto Rico,PRI,2023,,North America
Qatar,QAT,2012,68,
Qatar,QAT,2013,68,
Qatar,QAT,2014,69,
Qatar,QAT,2015,71,
Qatar,QAT,2016,61,
Qatar,QAT,2017,63,
Qatar,QAT,2018,62,
Qatar,QAT,2019,62,
Qatar,QAT,2020,63,
Qatar,QAT,2021,63,
Qatar,QAT,2022,58,
Qatar,QAT,2023,58,Asia
Qatar,QAT,2024,59,
Republic of Vietnam,OWID_RVN,2023,,Asia
Reunion,REU,2023,,Africa
Romania,ROU,2012,44,
Romania,ROU,2013,43,
Romania,ROU,2014,43,
Romania,ROU,2015,46,
Romania,ROU,2016,48,
Romania,ROU,2017,48,
Romania,ROU,2018,47,
Romania,ROU,2019,44,
Romania,ROU,2020,44,
Romania,ROU,2021,45,
Romania,ROU,2022,46,
Romania,ROU,2023,46,Europe
Romania,ROU,2024,46,
Russia,RUS,2012,28,
Russia,RUS,2013,28,
Russia,RUS,2014,27,
Russia,RUS,2015,29,
Russia,RUS,2016,29,
Russia,RUS,2017,29,
Russia,RUS,2018,28,
Russia,RUS,2019,28,
Russia,RUS,2020,30,
Russia,RUS,2021,29,
Russia,RUS,2022,28,
Russia,RUS,2023,26,Europe
Russia,RUS,2024,22,
Rwanda,RWA,2012,53,
Rwanda,RWA,2013,53,
Rwanda,RWA,2014,49,
Rwanda,RWA,2015,54,
Rwanda,RWA,2016,54,
Rwanda,RWA,2017,55,
Rwanda,RWA,2018,56,
Rwanda,RWA,2019,53,
Rwanda,RWA,2020,54,
Rwanda,RWA,2021,53,
Rwanda,RWA,2022,51,
Rwanda,RWA,2023,53,Africa
Rwanda,RWA,2024,57,
Saint Barthelemy,BLM,2023,,North America
Saint Helena,SHN,2023,,Africa
Saint Kitts and Nevis,KNA,2023,,North America
Saint Lucia,LCA,2012,71,
Saint Lucia,LCA,2013,71,
Saint Lucia,LCA,2014,71,
Saint Lucia,LCA,2016,60,
Saint Lucia,LCA,2017,55,
Saint Lucia,LCA,2018,55,
Saint Lucia,LCA,2019,55,
Saint Lucia,LCA,2020,56,
Saint Lucia,LCA,2021,56,
Saint Lucia,LCA,2022,55,
Saint Lucia,LCA,2023,55,North America
Saint Lucia,LCA,2024,59,
Saint Martin (French part),MAF,2023,,North America
Saint Pierre and Miquelon,SPM,2023,,North America
Saint Vincent and the Grenadines,VCT,2012,62,
Saint Vincent and the Grenadines,VCT,2013,62,
Saint Vincent and the Grenadines,VCT,2014,62,
Saint Vincent and the Grenadines,VCT,2016,60,
Saint Vincent and the Grenadines,VCT,2017,58,
Saint Vincent and the Grenadines,VCT,2018,58,
Saint Vincent and the Grenadines,VCT,2019,59,
Saint Vincent and the Grenadines,VCT,2020,59,
Saint Vincent and the Grenadines,VCT,2021,59,
Saint Vincent and the Grenadines,VCT,2022,60,
Saint Vincent and the Grenadines,VCT,2023,60,North America
Saint Vincent and the Grenadines,VCT,2024,63,
Samoa,WSM,2023,,Oceania
San Marino,SMR,2023,,Europe
Sao Tome and Principe,STP,2012,42,
Sao Tome and Principe,STP,2013,42,
Sao Tome and Principe,STP,2014,42,
Sao Tome and Principe,STP,2015,42,
Sao Tome and Principe,STP,2016,46,
Sao Tome and Principe,STP,2017,46,
Sao Tome and Principe,STP,2018,46,
Sao Tome and Principe,STP,2019,46,
Sao Tome and Principe,STP,2020,47,
Sao Tome and Principe,STP,2021,45,
Sao Tome and Principe,STP,2022,45,
Sao Tome and Principe,STP,2023,45,Africa
Sao Tome and Principe,STP,2024,45,
Saudi Arabia,SAU,2012,44,
Saudi Arabia,SAU,2013,46,
Saudi Arabia,SAU,2014,49,
Saudi Arabia,SAU,2015,52,
Saudi Arabia,SAU,2016,46,
Saudi Arabia,SAU,2017,49,
Saudi Arabia,SAU,2018,49,
Saudi Arabia,SAU,2019,53,
Saudi Arabia,SAU,2020,53,
Saudi Arabia,SAU,2021,53,
Saudi Arabia,SAU,2022,51,
Saudi Arabia,SAU,2023,52,Asia
Saudi Arabia,SAU,2024,59,
Senegal,SEN,2012,36,
Senegal,SEN,2013,41,
Senegal,SEN,2014,43,
Senegal,SEN,2015,44,
Senegal,SEN,2016,45,
Senegal,SEN,2017,45,
Senegal,SEN,2018,45,
Senegal,SEN,2019,45,
Senegal,SEN,2020,45,
Senegal,SEN,2021,43,
Senegal,SEN,2022,43,
Senegal,SEN,2023,43,Africa
Senegal,SEN,2024,45,
Serbia,SRB,2012,39,
Serbia,SRB,2013,42,
Serbia,SRB,2014,41,
Serbia,SRB,2015,40,
Serbia,SRB,2016,42,
Serbia,SRB,2017,41,
Serbia,SRB,2018,39,
Serbia,SRB,2019,39,
Serbia,SRB,2020,38,
Serbia,SRB,2021,38,
Serbia,SRB,2022,36,
Serbia,SRB,2023,36,Europe
Serbia,SRB,2024,35,
Serbia and Montenegro,OWID_SRM,2023,,Europe
Seychelles,SYC,2012,52,
Seychelles,SYC,2013,54,
Seychelles,SYC,2014,55,
Seychelles,SYC,2015,55,
Seychelles,SYC,2017,60,
Seychelles,SYC,2018,66,
Seychelles,SYC,2019,66,
Seychelles,SYC,2020,66,
Seychelles,SYC,2021,70,
Seychelles,SYC,2022,70,
Seychelles,SYC,2023,71,Africa
Seychelles,SYC,2024,72,
Sierra Leone,SLE,2012,31,
Sierra Leone,SLE,2013,30,
Sierra Leone,SLE,2014,31,
Sierra Leone,SLE,2015,29,
Sierra Leone,SLE,2016,30,
Sierra Leone,SLE,2017,30,
Sierra Leone,SLE,2018,30,
Sierra Leone,SLE,2019,33,
Sierra Leone,SLE,2020,33,
Sierra Leone,SLE,2021,34,
Sierra Leone,SLE,2022,34,
Sierra Leone,SLE,2023,35,Africa
Sierra Leone,SLE,2024,33,
Singapore,SGP,2012,87,
Singapore,SGP,2013,86,
Singapore,SGP,2014,84,
Singapore,SGP,2015,85,
Singapore,SGP,2016,84,
Singapore,SGP,2017,84,
Singapore,SGP,2018,85,
Singapore,SGP,2019,85,
Singapore,SGP,2020,85,
Singapore,SGP,2021,85,
Singapore,SGP,2022,83,
Singapore,SGP,2023,83,Asia
Singapore,SGP,2024,84,
Sint Maarten (Dutch part),SXM,2023,,North America
Slovakia,SVK,2012,46,
Slovakia,SVK,2013,47,
Slovakia,SVK,2014,50,
Slovakia,SVK,2015,51,
Slovakia,SVK,2016,51,
Slovakia,SVK,2017,50,
Slovakia,SVK,2018,50,
Slovakia,SVK,2019,50,
Slovakia,SVK,2020,49,
Slovakia,SVK,2021,52,
Slovakia,SVK,2022,53,
Slovakia,SVK,2023,54,Europe
Slovakia,SVK,2024,49,
Slovenia,SVN,2012,61,
Slovenia,SVN,2013,57,
Slovenia,SVN,2014,58,
Slovenia,SVN,2015,60,
Slovenia,SVN,2016,61,
Slovenia,SVN,2017,61,
Slovenia,SVN,2018,60,
Slovenia,SVN,2019,60,
Slovenia,SVN,2020,60,
Slovenia,SVN,2021,57,
Slovenia,SVN,2022,56,
Slovenia,SVN,2023,56,Europe
Slovenia,SVN,2024,60,
Solomon Islands,SLB,2016,42,
Solomon Islands,SLB,2017,39,
Solomon Islands,SLB,2018,44,
Solomon Islands,SLB,2019,42,
Solomon Islands,SLB,2020,42,
Solomon Islands,SLB,2021,43,
Solomon Islands,SLB,2022,42,
Solomon Islands,SLB,2023,43,Oceania
Solomon Islands,SLB,2024,43,
Somalia,SOM,2012,8,
Somalia,SOM,2013,8,
Somalia,SOM,2014,8,
Somalia,SOM,2015,8,
Somalia,SOM,2016,10,
Somalia,SOM,2017,9,
Somalia,SOM,2018,10,
Somalia,SOM,2019,9,
Somalia,SOM,2020,12,
Somalia,SOM,2021,13,
Somalia,SOM,2022,12,
Somalia,SOM,2023,11,Africa
Somalia,SOM,2024,9,
South Africa,ZAF,2012,43,
South Africa,ZAF,2013,42,
South Africa,ZAF,2014,44,
South Africa,ZAF,2015,44,
South Africa,ZAF,2016,45,
South Africa,ZAF,2017,43,
South Africa,ZAF,2018,43,
South Africa,ZAF,2019,44,
South Africa,ZAF,2020,44,
South Africa,ZAF,2021,44,
South Africa,ZAF,2022,43,
South Africa,ZAF,2023,41,Africa
South Africa,ZAF,2024,41,
South Georgia and the South Sandwich Islands,SGS,2023,,South America
South Korea,KOR,2012,56,
South Korea,KOR,2013,55,
South Korea,KOR,2014,55,
South Korea,KOR,2015,54,
South Korea,KOR,2016,53,
South Korea,KOR,2017,54,
South Korea,KOR,2018,57,
South Korea,KOR,2019,59,
South Korea,KOR,2020,61,
South Korea,KOR,2021,62,
South Korea,KOR,2022,63,
South Korea,KOR,2023,63,Asia
South Korea,KOR,2024,64,
South Sudan,SSD,2013,14,
South Sudan,SSD,2014,15,
South Sudan,SSD,2015,15,
South Sudan,SSD,2016,11,
South Sudan,SSD,2017,12,
South Sudan,SSD,2018,13,
South Sudan,SSD,2019,12,
South Sudan,SSD,2020,12,
South Sudan,SSD,2021,11,
South Sudan,SSD,2022,13,
South Sudan,SSD,2023,13,Africa
South Sudan,SSD,2024,8,
Spain,ESP,2012,65,
Spain,ESP,2013,59,
Spain,ESP,2014,60,
Spain,ESP,2015,58,
Spain,ESP,2016,58,
Spain,ESP,2017,57,
Spain,ESP,2018,58,
Spain,ESP,2019,62,
Spain,ESP,2020,62,
Spain,ESP,2021,61,
Spain,ESP,2022,60,
Spain,ESP,2023,60,Europe
Spain,ESP,2024,56,
Sri Lanka,LKA,2012,40,
Sri Lanka,LKA,2013,37,
Sri Lanka,LKA,2014,38,
Sri Lanka,LKA,2015,37,
Sri Lanka,LKA,2016,36,
Sri Lanka,LKA,2017,38,
Sri Lanka,LKA,2018,38,
Sri Lanka,LKA,2019,38,
Sri Lanka,LKA,2020,38,
Sri Lanka,LKA,2021,37,
Sri Lanka,LKA,2022,36,
Sri Lanka,LKA,2023,34,Asia
Sri Lanka,LKA,2024,32,
Sudan,SDN,2012,13,
Sudan,SDN,2013,11,
Sudan,SDN,2014,11,
Sudan,SDN,2015,12,
Sudan,SDN,2016,14,
Sudan,SDN,2017,16,
Sudan,SDN,2018,16,
Sudan,SDN,2019,16,
Sudan,SDN,2020,16,
Sudan,SDN,2021,20,
Sudan,SDN,2022,22,
Sudan,SDN,2023,20,Africa
Sudan,SDN,2024,15,
Sudan (former),,2023,,Africa
Suriname,SUR,2012,37,
Suriname,SUR,2013,36,
Suriname,SUR,2014,36,
Suriname,SUR,2015,36,
Suriname,SUR,2016,45,
Suriname,SUR,2017,41,
Suriname,SUR,2018,43,
Suriname,SUR,2019,44,
Suriname,SUR,2020,38,
Suriname,SUR,2021,39,
Suriname,SUR,2022,40,
Suriname,SUR,2023,40,South America
Suriname,SUR,2024,40,
Sweden,SWE,2012,88,
Sweden,SWE,2013,89,
Sweden,SWE,2014,87,
Sweden,SWE,2015,89,
Sweden,SWE,2016,88,
Sweden,SWE,2017,84,
Sweden,SWE,2018,85,
Sweden,SWE,2019,85,
Sweden,SWE,2020,85,
Sweden,SWE,2021,85,
Sweden,SWE,2022,83,
Sweden,SWE,2023,82,Europe
Sweden,SWE,2024,80,
Switzerland,CHE,2012,86,
Switzerland,CHE,2013,85,
Switzerland,CHE,2014,86,
Switzerland,CHE,2015,86,
Switzerland,CHE,2016,86,
Switzerland,CHE,2017,85,
Switzerland,CHE,2018,85,
Switzerland,CHE,2019,85,
Switzerland,CHE,2020,85,
Switzerland,CHE,2021,84,
Switzerland,CHE,2022,82,
Switzerland,CHE,2023,82,Europe
Switzerland,CHE,2024,81,
Syria,SYR,2012,26,
Syria,SYR,2013,17,
Syria,SYR,2014,20,
Syria,SYR,2015,18,
Syria,SYR,2016,13,
Syria,SYR,2017,14,
Syria,SYR,2018,13,
Syria,SYR,2019,13,
Syria,SYR,2020,14,
Syria,SYR,2021,13,
Syria,SYR,2022,13,
Syria,SYR,2023,13,Asia
Syria,SYR,2024,12,
Taiwan,TWN,2012,61,
Taiwan,TWN,2013,61,
Taiwan,TWN,2014,61,
Taiwan,TWN,2015,62,
Taiwan,TWN,2016,61,
Taiwan,TWN,2017,63,
Taiwan,TWN,2018,63,
Taiwan,TWN,2019,65,
Taiwan,TWN,2020,65,
Taiwan,TWN,2021,68,
Taiwan,TWN,2022,68,
Taiwan,TWN,2023,67,Asia
Taiwan,TWN,2024,67,
Tajikistan,TJK,2012,22,
Tajikistan,TJK,2013,22,
Tajikistan,TJK,2014,23,
Tajikistan,TJK,2015,26,
Tajikistan,TJK,2016,25,
Tajikistan,TJK,2017,21,
Tajikistan,TJK,2018,25,
Tajikistan,TJK,2019,25,
Tajikistan,TJK,2020,25,
Tajikistan,TJK,2021,25,
Tajikistan,TJK,2022,24,
Tajikistan,TJK,2023,20,Asia
Tajikistan,TJK,2024,19,
Tanzania,TZA,2012,35,
Tanzania,TZA,2013,33,
Tanzania,TZA,2014,31,
Tanzania,TZA,2015,30,
Tanzania,TZA,2016,32,
Tanzania,TZA,2017,36,
Tanzania,TZA,2018,36,
Tanzania,TZA,2019,37,
Tanzania,TZA,2020,38,
Tanzania,TZA,2021,39,
Tanzania,TZA,2022,38,
Tanzania,TZA,2023,40,Africa
Tanzania,TZA,2024,41,
Thailand,THA,2012,37,
Thailand,THA,2013,35,
Thailand,THA,2014,38,
Thailand,THA,2015,38,
Thailand,THA,2016,35,
Thailand,THA,2017,37,
Thailand,THA,2018,36,
Thailand,THA,2019,36,
Thailand,THA,2020,36,
Thailand,THA,2021,35,
Thailand,THA,2022,36,
Thailand,THA,2023,35,Asia
Thailand,THA,2024,34,
Togo,TGO,2012,30,
Togo,TGO,2013,29,
Togo,TGO,2014,29,
Togo,TGO,2015,32,
Togo,TGO,2016,32,
Togo,TGO,2017,32,
Togo,TGO,2018,30,
Togo,TGO,2019,29,
Togo,TGO,2020,29,
Togo,TGO,2021,30,
Togo,TGO,2022,30,
Togo,TGO,2023,31,Africa
Togo,TGO,2024,32,
Tokelau,TKL,2023,,Oceania
Tonga,TON,2023,,Oceania
Trinidad and Tobago,TTO,2012,39,
Trinidad and Tobago,TTO,2013,38,
Trinidad and Tobago,TTO,2014,38,
Trinidad and Tobago,TTO,2015,39,
Trinidad and Tobago,TTO,2016,35,
Trinidad and Tobago,TTO,2017,41,
Trinidad and Tobago,TTO,2018,41,
Trinidad and Tobago,TTO,2019,40,
Trinidad and Tobago,TTO,2020,40,
Trinidad and Tobago,TTO,2021,41,
Trinidad and Tobago,TTO,2022,42,
Trinidad and Tobago,TTO,2023,42,North America
Trinidad and Tobago,TTO,2024,41,
Tunisia,TUN,2012,41,
Tunisia,TUN,2013,41,
Tunisia,TUN,2014,40,
Tunisia,TUN,2015,38,
Tunisia,TUN,2016,41,
Tunisia,TUN,2017,42,
Tunisia,TUN,2018,43,
Tunisia,TUN,2019,43,
Tunisia,TUN,2020,44,
Tunisia,TUN,2021,44,
Tunisia,TUN,2022,40,
Tunisia,TUN,2023,40,Africa
Tunisia,TUN,2024,39,
Turkey,TUR,2012,49,
Turkey,TUR,2013,50,
Turkey,TUR,2014,45,
Turkey,TUR,2015,42,
Turkey,TUR,2016,41,
Turkey,TUR,2017,40,
Turkey,TUR,2018,41,
Turkey,TUR,2019,39,
Turkey,TUR,2020,40,
Turkey,TUR,2021,38,
Turkey,TUR,2022,36,
Turkey,TUR,2023,34,Asia
Turkey,TUR,2024,34,
Turkmenistan,TKM,2012,17,
Turkmenistan,TKM,2013,17,
Turkmenistan,TKM,2014,17,
Turkmenistan,TKM,2015,18,
Turkmenistan,TKM,2016,22,
Turkmenistan,TKM,2017,19,
Turkmenistan,TKM,2018,20,
Turkmenistan,TKM,2019,19,
Turkmenistan,TKM,2020,19,
Turkmenistan,TKM,2021,19,
Turkmenistan,TKM,2022,19,
Turkmenistan,TKM,2023,18,Asia
Turkmenistan,TKM,2024,17,
Turks and Caicos Islands,TCA,2023,,North America
Tuvalu,TUV,2023,,Oceania
USSR,OWID_USS,2023,,Europe
Uganda,UGA,2012,29,
Uganda,UGA,2013,26,
Uganda,UGA,2014,26,
Uganda,UGA,2015,25,
Uganda,UGA,2016,25,
Uganda,UGA,2017,26,
Uganda,UGA,2018,26,
Uganda,UGA,2019,28,
Uganda,UGA,2020,27,
Uganda,UGA,2021,27,
Uganda,UGA,2022,26,
Uganda,UGA,2023,26,Africa
Uganda,UGA,2024,26,
Ukraine,UKR,2012,26,
Ukraine,UKR,2013,25,
Ukraine,UKR,2014,26,
Ukraine,UKR,2015,27,
Ukraine,UKR,2016,29,
Ukraine,UKR,2017,30,
Ukraine,UKR,2018,32,
Ukraine,UKR,2019,30,
Ukraine,UKR,2020,33,
Ukraine,UKR,2021,32,
Ukraine,UKR,2022,33,
Ukraine,UKR,2023,36,Europe
Ukraine,UKR,2024,35,
United Arab Emirates,ARE,2012,68,
United Arab Emirates,ARE,2013,69,
United Arab Emirates,ARE,2014,70,
United Arab Emirates,ARE,2015,70,
United Arab Emirates,ARE,2016,66,
United Arab Emirates,ARE,2017,71,
United Arab Emirates,ARE,2018,70,
United Arab Emirates,ARE,2019,71,
United Arab Emirates,ARE,2020,71,
United Arab Emirates,ARE,2021,69,
United Arab Emirates,ARE,2022,67,
United Arab Emirates,ARE,2023,68,Asia
United Arab Emirates,ARE,2024,68,
United Kingdom,GBR,2012,74,
United Kingdom,GBR,2013,76,
United Kingdom,GBR,2014,78,
United Kingdom,GBR,2015,81,
United Kingdom,GBR,2016,81,
United Kingdom,GBR,2017,82,
United Kingdom,GBR,2018,80,
United Kingdom,GBR,2019,77,
United Kingdom,GBR,2020,77,
United Kingdom,GBR,2021,78,
United Kingdom,GBR,2022,73,
United Kingdom,GBR,2023,71,Europe
United Kingdom,GBR,2024,71,
United States,USA,2012,73,
United States,USA,2013,73,
United States,USA,2014,74,
United States,USA,2015,76,
United States,USA,2016,74,
United States,USA,2017,75,
United States,USA,2018,71,
United States,USA,2019,69,
United States,USA,2020,67,
United States,USA,2021,67,
United States,USA,2022,69,
United States,USA,2023,69,North America
United States,USA,2024,65,
United States Virgin Islands,VIR,2023,,North America
Uruguay,URY,2012,72,
Uruguay,URY,2013,73,
Uruguay,URY,2014,73,
Uruguay,URY,2015,74,
Uruguay,URY,2016,71,
Uruguay,URY,2017,70,
Uruguay,URY,2018,70,
Uruguay,URY,2019,71,
Uruguay,URY,2020,71,
Uruguay,URY,2021,73,
Uruguay,URY,2022,74,
Uruguay,URY,2023,73,South America
Uruguay,URY,2024,76,
Uzbekistan,UZB,2012,17,
Uzbekistan,UZB,2013,17,
Uzbekistan,UZB,2014,18,
Uzbekistan,UZB,2015,19,
Uzbekistan,UZB,2016,21,
Uzbekistan,UZB,2017,22,
Uzbekistan,UZB,2018,23,
Uzbekistan,UZB,2019,25,
Uzbekistan,UZB,2020,26,
Uzbekistan,UZB,2021,28,
Uzbekistan,UZB,2022,31,
Uzbekistan,UZB,2023,33,Asia
Uzbekistan,UZB,2024,32,
Vanuatu,VUT,2017,43,
Vanuatu,VUT,2018,46,
Vanuatu,VUT,2019,46,
Vanuatu,VUT,2020,43,
Vanuatu,VUT,2021,45,
Vanuatu,VUT,2022,48,
Vanuatu,VUT,2023,48,Oceania
Vanuatu,VUT,2024,50,
Vatican,VAT,2023,,Europe
Venezuela,VEN,2012,19,
Venezuela,VEN,2013,20,
Venezuela,VEN,2014,19,
Venezuela,VEN,2015,17,
Venezuela,VEN,2016,17,
Venezuela,VEN,2017,18,
Venezuela,VEN,2018,18,
Venezuela,VEN,2019,16,
Venezuela,VEN,2020,15,
Venezuela,VEN,2021,14,
Venezuela,VEN,2022,14,
Venezuela,VEN,2023,13,South America
Venezuela,VEN,2024,10,
Vietnam,VNM,2012,31,
Vietnam,VNM,2013,31,
Vietnam,VNM,2014,31,
Vietnam,VNM,2015,31,
Vietnam,VNM,2016,33,
Vietnam,VNM,2017,35,
Vietnam,VNM,2018,33,
Vietnam,VNM,2019,37,
Vietnam,VNM,2020,36,
Vietnam,VNM,2021,39,
Vietnam,VNM,2022,42,
Vietnam,VNM,2023,41,Asia
Vietnam,VNM,2024,40,
Wallis and Futuna,WLF,2023,,Oceania
West Germany,OWID_GFR,2023,,Europe
Western Sahara,ESH,2023,,Africa
Yemen,YEM,2012,23,
Yemen,YEM,2013,18,
Yemen,YEM,2014,19,
Yemen,YEM,2015,18,
Yemen,YEM,2016,14,
Yemen,YEM,2017,16,
Yemen,YEM,2018,14,
Yemen,YEM,2019,15,
Yemen,YEM,2020,15,
Yemen,YEM,2021,16,
Yemen,YEM,2022,16,
Yemen,YEM,2023,16,Asia
Yemen,YEM,2024,13,
Yemen Arab Republic,OWID_YAR,2023,,Asia
Yemen People's Republic,OWID_YPR,2023,,Asia
Yugoslavia,OWID_YGS,2023,,Europe
Zambia,ZMB,2012,37,
Zambia,ZMB,2013,38,
Zambia,ZMB,2014,38,
Zambia,ZMB,2015,38,
Zambia,ZMB,2016,38,
Zambia,ZMB,2017,37,
Zambia,ZMB,2018,35,
Zambia,ZMB,2019,34,
Zambia,ZMB,2020,33,
Zambia,ZMB,2021,33,
Zambia,ZMB,2022,33,
Zambia,ZMB,2023,37,Africa
Zambia,ZMB,2024,39,
Zimbabwe,ZWE,2012,20,
Zimbabwe,ZWE,2013,21,
Zimbabwe,ZWE,2014,21,
Zimbabwe,ZWE,2015,21,
Zimbabwe,ZWE,2016,22,
Zimbabwe,ZWE,2017,22,
Zimbabwe,ZWE,2018,22,
Zimbabwe,ZWE,2019,24,
Zimbabwe,ZWE,2020,24,
Zimbabwe,ZWE,2021,23,
Zimbabwe,ZWE,2022,23,
Zimbabwe,ZWE,2023,24,Africa
Zimbabwe,ZWE,2024,21,