,Year,Pick,Unnamed: 2,BPM,Rank_BPM,Pick.1,Avg_BPM,Rank_Pick
0,2010,1,John Wall,2.2,,1.0,1.4625,1.0
1,2010,2,Evan Turner,-1.9,,2.0,-0.48125,3.0
2,2010,3,Derrick Favors,0.9,,3.0,1.11875,2.0
3,2010,4,Wesley Johnson,-1.6,,4.0,-0.83125,6.0
4,2010,5,DeMarcus Cousins,2.4,,5.0,-1.075,13.0
5,2010,6,Ekpe Udoh,-1.4,,6.0,-0.9875,10.0
6,2010,7,Greg Monroe,1.4,,7.0,-1.31875,17.0
7,2010,8,Al-Farouq Aminu,-0.6,,8.0,-1.55625,18.0
8,2010,9,Gordon Hayward,1.6,,9.0,-0.98125,9.0
9,2010,10,Paul George,3.7,,10.0,-2.33125,33.0
10,2010,11,Cole Aldrich,0.1,,11.0,-0.59375,4.0
11,2010,12,Xavier Henry,-4.4,,12.0,-1.875,24.0
12,2010,13,Ed Davis,-0.2,,13.0,-1.30625,16.0
13,2010,14,Patrick Patterson,0.0,,14.0,-1.9875,26.0
14,2010,15,Larry Sanders,-1.1,,15.0,-0.89375,8.0
15,2010,16,Luke Babbitt,-2.1,,16.0,-2.48125,39.0
16,2010,17,Kevin Séraphin,-4.3,,17.0,-2.5125,40.0
17,2010,18,Eric Bledsoe,1.6,,18.0,-1.9125,25.0
18,2010,19,Avery Bradley,-2.4,,19.0,-2.125,28.0
19,2010,20,James Anderson,-2.7,,20.0,-1.2125,15.0
20,2010,21,Craig Brackins,-9.9,,21.0,-2.40625,36.0
21,2010,22,Elliot Williams,-4.9,,22.0,-1.00625,12.0
22,2010,23,Trevor Booker,-0.5,,23.0,-2.3625,34.0
23,2010,24,Damion James,-3.7,,24.0,-2.70625,44.0
24,2010,25,Dominique Jones,-2.4,,25.0,-2.19375,29.0
25,2010,26,Quincy Pondexter,-1.8,,26.0,-2.30625,32.0
26,2010,27,Jordan Crawford,-1.3,,27.0,-0.68125,5.0
27,2010,28,Greivis Vásquez,-1.2,,28.0,-2.6125,41.0
28,2010,29,Daniel Orton,-3.5,,29.0,-2.9625,46.0
29,2010,30,Lazar Hayward,-4.2,,30.0,-0.875,7.0
30,2010,31,Tibor Pleiß,-11.6,,31.0,-3.9375,56.0
31,2010,32,Dexter Pittman,-7.7,,32.0,-2.45,37.0
32,2010,33,Hassan Whiteside,2.5,,33.0,-2.05,27.0
33,2010,34,Armon Johnson,-4.1,,34.0,-2.36875,35.0
34,2010,35,Nemanja Bjelica,0.3,,35.0,-3.0125,47.0
35,2010,36,Terrico White,0.0,,36.0,-1.79375,22.0
36,2010,37,Darington Hobson,-13.0,,37.0,-3.6875,51.0
37,2010,38,Andy Rautins,-13.2,,38.0,-2.2125,30.0
38,2010,39,Landry Fields,-0.3,,39.0,-1.7875,21.0
39,2010,40,Lance Stephenson,-1.3,,40.0,-4.7625,58.0
40,2010,41,Jarvis Varnado,-3.3,,41.0,-3.1625,48.0
41,2010,42,Da'Sean Butler,0.0,,42.0,-3.625,49.0
42,2010,43,Devin Ebanks,-4.8,,43.0,-3.6375,50.0
43,2010,44,Jerome Jordan,-1.0,,44.0,-2.64375,42.0
44,2010,45,Paulão Prestes,0.0,,45.0,-1.0,11.0
45,2010,46,Gani Lawal,-15.0,,46.0,-3.7375,53.0
46,2010,47,Tiny Gallon,0.0,,47.0,-4.175,57.0
47,2010,48,Latavious Williams,0.0,,48.0,-3.925,55.0
48,2010,49,Ryan Richards,0.0,,49.0,-5.10625,59.0
49,2010,50,Solomon Alabi,-4.4,,50.0,-2.7125,45.0
50,2010,51,Magnum Rolle,0.0,,51.0,-3.69375,52.0
51,2010,52,Luke Harangody,-3.5,,52.0,-2.23125,31.0
52,2010,53,Pape Sy,-6.0,,53.0,-2.7,43.0
53,2010,54,Willie Warren,-2.7,,54.0,-3.8125,54.0
54,2010,55,Jeremy Evans,0.9,,55.0,-6.8,60.0
55,2010,56,Hamady N'Diaye,-7.3,,56.0,-2.4625,38.0
56,2010,57,Ryan Reid,-2.0,,57.0,-1.78125,20.0
57,2010,58,Derrick Caracter,-7.1,,58.0,-1.80625,23.0
58,2010,59,Stanley Robinson,0.0,,59.0,-1.15,14.0
59,2010,60,Dwayne Collins,0.0,,60.0,-1.6875,19.0
60,2011,1,Kyrie Irving,4.5,,,,
61,2011,2,Derrick Williams,-1.6,,,,
62,2011,3,Enes Freedom,-0.1,,,,
63,2011,4,Tristan Thompson,-1.7,,,,
64,2011,5,Jonas Valančiūnas,1.0,,,,
65,2011,6,Jan Veselý,-2.6,,,,
66,2011,7,Bismack Biyombo,-2.6,,,,
67,2011,8,Brandon Knight,-1.6,,,,
68,2011,9,Kemba Walker,2.8,,,,
69,2011,10,Jimmer Fredette,-2.5,,,,
70,2011,11,Klay Thompson,0.4,,,,
71,2011,12,Alec Burks,-0.5,,,,
72,2011,13,Markieff Morris,-1.5,,,,
73,2011,14,Marcus Morris,-0.8,,,,
74,2011,15,Kawhi Leonard,6.5,,,,
75,2011,16,Nikola Vučević,2.1,,,,
76,2011,17,Iman Shumpert,-1.7,,,,
77,2011,18,Chris Singleton,-3.2,,,,
78,2011,19,Tobias Harris,1.0,,,,
79,2011,20,Donatas Motiejūnas,-2.5,,,,
80,2011,21,Nolan Smith,-6.0,,,,
81,2011,22,Kenneth Faried,0.5,,,,
82,2011,23,Nikola Mirotić,1.6,,,,
83,2011,24,Reggie Jackson,-0.6,,,,
84,2011,25,MarShon Brooks,-1.6,,,,
85,2011,26,Jordan Hamilton,-0.1,,,,
86,2011,27,JaJuan Johnson,-3.9,,,,
87,2011,28,Norris Cole,-4.1,,,,
88,2011,29,Cory Joseph,-1.1,,,,
89,2011,30,Jimmy Butler,5.0,,,,
90,2011,31,Bojan Bogdanović,-0.9,,,,
91,2011,32,Justin Harper,-8.7,,,,
92,2011,33,Kyle Singler,-2.5,,,,
93,2011,34,Shelvin Mack,-1.9,,,,
94,2011,35,Tyler Honeycutt,-5.1,,,,
95,2011,36,Jordan Williams,-2.1,,,,
96,2011,37,Trey Thompkins,-5.7,,,,
97,2011,38,Chandler Parsons,1.1,,,,
98,2011,39,Jeremy Tyler,-7.0,,,,
99,2011,40,Jon Leuer,-0.7,,,,
100,2011,41,Darius Morris,-5.1,,,,
101,2011,42,Dāvis Bertāns,0.2,,,,
102,2011,43,Malcolm Lee,-2.5,,,,
103,2011,44,Charles Jenkins,-4.5,,,,
104,2011,45,Josh Harrellson,-0.4,,,,
105,2011,46,Andrew Goudelock,-5.0,,,,
106,2011,47,Travis Leslie,-0.3,,,,
107,2011,48,Keith Benson,-7.7,,,,
108,2011,49,Josh Selby,-9.5,,,,
109,2011,50,Lavoy Allen,-2.1,,,,
110,2011,51,Jon Diebler,0.0,,,,
111,2011,52,Vernon Macklin,1.2,,,,
112,2011,53,DeAndre Liggins,-2.2,,,,
113,2011,54,Milan Mačvan,0.0,,,,
114,2011,55,E'Twaun Moore,-1.9,,,,
115,2011,56,Chukwudiebere Maduabum,0.0,,,,
116,2011,57,Tanguy Ngombo,0.0,,,,
117,2011,58,Ater Majok,0.0,,,,
118,2011,59,Ádám Hanga,0.0,,,,
119,2011,60,Isaiah Thomas,2.1,,,,
120,2012,1,Anthony Davis,5.9,,,,
121,2012,2,Michael Kidd-Gilchrist,-1.8,,,,
122,2012,3,Bradley Beal,1.4,,,,
123,2012,4,Dion Waiters,-2.1,,,,
124,2012,5,Thomas Robinson,-3.5,,,,
125,2012,6,Damian Lillard,4.6,,,,
126,2012,7,Harrison Barnes,-0.8,,,,
127,2012,8,Terrence Ross,-1.0,,,,
128,2012,9,Andre Drummond,1.0,,,,
129,2012,10,Austin Rivers,-3.1,,,,
130,2012,11,Meyers Leonard,-1.5,,,,
131,2012,12,Jeremy Lamb,0.6,,,,
132,2012,13,Kendall Marshall,-3.5,,,,
133,2012,14,John Henson,-0.5,,,,
134,2012,15,Maurice Harkless,-0.8,,,,
135,2012,16,Royce White,-16.9,,,,
136,2012,17,Tyler Zeller,-2.0,,,,
137,2012,18,Terrence Jones,0.5,,,,
138,2012,19,Andrew Nicholson,-3.6,,,,
139,2012,20,Evan Fournier,-1.1,,,,
140,2012,21,Jared Sullinger,-0.4,,,,
141,2012,22,Fab Melo,-7.6,,,,
142,2012,23,John Jenkins,-1.9,,,,
143,2012,24,Jared Cunningham,-5.7,,,,
144,2012,25,Tony Wroten,-3.4,,,,
145,2012,26,Miles Plumlee,-1.9,,,,
146,2012,27,Arnett Moultrie,-2.8,,,,
147,2012,28,Perry Jones,-3.5,,,,
148,2012,29,Marquis Teague,-6.5,,,,
149,2012,30,Festus Ezeli,-2.0,,,,
150,2012,31,Jeff Taylor,-4.2,,,,
151,2012,32,Tomáš Satoranský,-0.9,,,,
152,2012,33,Bernard James,-1.8,,,,
153,2012,34,Jae Crowder,0.1,,,,
154,2012,35,Draymond Green,2.2,,,,
155,2012,36,Orlando Johnson,-2.4,,,,
156,2012,37,Quincy Acy,-2.0,,,,
157,2012,38,Quincy Miller,-3.9,,,,
158,2012,39,Khris Middleton,0.7,,,,
159,2012,40,Will Barton,-0.4,,,,
160,2012,41,Tyshawn Taylor,-8.1,,,,
161,2012,42,Doron Lamb,-5.8,,,,
162,2012,43,Mike Scott,-1.7,,,,
163,2012,44,Kim English,-4.2,,,,
164,2012,45,Justin Hamilton,-0.9,,,,
165,2012,46,Darius Miller,-2.3,,,,
166,2012,47,Kevin Murphy,-16.8,,,,
167,2012,48,Kostas Papanikolaou,-2.7,,,,
168,2012,49,Kyle O'Quinn,0.9,,,,
169,2012,50,İzzet Türkyılmaz,0.0,,,,
170,2012,51,Kris Joseph,-9.9,,,,
171,2012,52,Ognjen Kuzmić,-5.6,,,,
172,2012,53,Furkan Aldemir,-3.6,,,,
173,2012,54,Tornike Shengelia,-7.0,,,,
174,2012,55,Darius Johnson-Odom,-25.5,,,,
175,2012,56,Tomislav Zubčić,0.0,,,,
176,2012,57,İlkan Karaman,0.0,,,,
177,2012,58,Robbie Hummel,-3.1,,,,
178,2012,59,Marcus Denmon,0.0,,,,
179,2012,60,Robert Sacre,-4.0,,,,
180,2013,1,Anthony Bennett,-4.8,,,,
181,2013,2,Victor Oladipo,0.7,,,,
182,2013,3,Otto Porter Jr.,1.7,,,,
183,2013,4,Cody Zeller,-0.7,,,,
184,2013,5,Alex Len,-1.9,,,,
185,2013,6,Nerlens Noel,0.9,,,,
186,2013,7,Ben McLemore,-3.1,,,,
187,2013,8,Kentavious Caldwell-Pope,-1.0,,,,
188,2013,9,Trey Burke,-1.3,,,,
189,2013,10,CJ McCollum,1.1,,,,
190,2013,11,Michael Carter-Williams,-1.2,,,,
191,2013,12,Steven Adams,0.5,,,,
192,2013,13,Kelly Olynyk,0.9,,,,
193,2013,14,Shabazz Muhammad,-2.0,,,,
194,2013,15,Giannis Antetokounmpo,6.8,,,,
195,2013,16,Lucas Nogueira,2.3,,,,
196,2013,17,Dennis Schröder,-1.5,,,,
197,2013,18,Shane Larkin,-2.4,,,,
198,2013,19,Sergey Karasev,-3.4,,,,
199,2013,20,Tony Snell,-2.0,,,,
200,2013,21,Gorgui Dieng,0.2,,,,
201,2013,22,Mason Plumlee,1.2,,,,
202,2013,23,Solomon Hill,-2.1,,,,
203,2013,24,Tim Hardaway Jr.,-1.2,,,,
204,2013,25,Reggie Bullock,-1.2,,,,
205,2013,26,Andre Roberson,-0.6,,,,
206,2013,27,Rudy Gobert,3.2,,,,
207,2013,28,Livio Jean-Charles,0.0,,,,
208,2013,29,Archie Goodwin,-3.0,,,,
209,2013,30,Nemanja Nedović,-10.0,,,,
210,2013,31,Allen Crabbe,-1.6,,,,
211,2013,32,Álex Abrines,-1.9,,,,
212,2013,33,Carrick Felix,-3.4,,,,
213,2013,34,Isaiah Canaan,-2.4,,,,
214,2013,35,Glen Rice Jr.,-6.6,,,,
215,2013,36,Ray McCallum,-2.6,,,,
216,2013,37,Tony Mitchell,0.4,,,,
217,2013,38,Nate Wolters,-2.6,,,,
218,2013,39,Jeff Withey,0.5,,,,
219,2013,40,Grant Jerrett,-10.8,,,,
220,2013,41,Jamaal Franklin,-5.9,,,,
221,2013,42,Pierre Jackson,-4.4,,,,
222,2013,43,Ricky Ledo,-7.6,,,,
223,2013,44,Mike Muscala,-0.2,,,,
224,2013,45,Marko Todorović,0.0,,,,
225,2013,46,Erick Green,-4.0,,,,
226,2013,47,Raul Neto,-1.5,,,,
227,2013,48,Ryan Kelly,-2.6,,,,
228,2013,49,Erik Murphy,-8.6,,,,
229,2013,50,James Ennis III,-1.5,,,,
230,2013,51,Romero Osby,0.0,,,,
231,2013,52,Lorenzo Brown,-3.5,,,,
232,2013,53,Colton Iverson,0.0,,,,
233,2013,54,Arsalan Kazemi,0.0,,,,
234,2013,55,Joffrey Lauvergne,-2.1,,,,
235,2013,56,Peyton Siva,-6.4,,,,
236,2013,57,Alex Oriakhi,0.0,,,,
237,2013,58,Deshaun Thomas,0.0,,,,
238,2013,59,Bojan Dubljević,0.0,,,,
239,2013,60,Jānis Timma,0.0,,,,
240,2014,1,Andrew Wiggins,-1.3,,,,
241,2014,2,Jabari Parker,-0.8,,,,
242,2014,3,Joel Embiid,6.8,,,,
243,2014,4,Aaron Gordon,0.4,,,,
244,2014,5,Dante Exum,-2.8,,,,
245,2014,6,Marcus Smart,-0.4,,,,
246,2014,7,Julius Randle,1.1,,,,
247,2014,8,Nik Stauskas,-3.0,,,,
248,2014,9,Noah Vonleh,-2.5,,,,
249,2014,10,Elfrid Payton,-1.1,,,,
250,2014,11,Doug McDermott,-2.1,,,,
251,2014,12,Dario Šarić,-0.8,,,,
252,2014,13,Zach LaVine,0.6,,,,
253,2014,14,T.J. Warren,-0.4,,,,
254,2014,15,Adreian Payne,-5.9,,,,
255,2014,16,Jusuf Nurkić,0.4,,,,
256,2014,17,James Young,-3.4,,,,
257,2014,18,Tyler Ennis,-3.4,,,,
258,2014,19,Gary Harris,-1.4,,,,
259,2014,20,Bruno Caboclo,-2.7,,,,
260,2014,21,Mitch McGary,-2.6,,,,
261,2014,22,Jordan Adams,1.7,,,,
262,2014,23,Rodney Hood,-1.2,,,,
263,2014,24,Shabazz Napier,-0.7,,,,
264,2014,25,Clint Capela,1.6,,,,
265,2014,26,P.J. Hairston,-3.9,,,,
266,2014,27,Bogdan Bogdanović,0.1,,,,
267,2014,28,C.J. Wilcox,-4.3,,,,
268,2014,29,Josh Huestis,-3.5,,,,
269,2014,30,Kyle Anderson,1.7,,,,
270,2014,31,Damien Inglis,-5.6,,,,
271,2014,32,K.J. McDaniels,-2.8,,,,
272,2014,33,Joe Harris,-0.7,,,,
273,2014,34,Cleanthony Early,-5.9,,,,
274,2014,35,Jarnell Stokes,0.1,,,,
275,2014,36,Johnny O'Bryant,-6.2,,,,
276,2014,37,DeAndre Daniels,0.0,,,,
277,2014,38,Spencer Dinwiddie,-0.1,,,,
278,2014,39,Jerami Grant,-0.4,,,,
279,2014,40,Glenn Robinson III,-1.7,,,,
280,2014,41,Nikola Jokić,10.5,,,,
281,2014,42,Nick Johnson,-6.5,,,,
282,2014,43,Edy Tavares,-0.4,,,,
283,2014,44,Markel Brown,-2.9,,,,
284,2014,45,Dwight Powell,0.8,,,,
285,2014,46,Jordan Clarkson,-1.0,,,,
286,2014,47,Russ Smith,-5.1,,,,
287,2014,48,Lamar Patterson,-5.7,,,,
288,2014,49,Cameron Bairstow,-8.1,,,,
289,2014,50,Alec Brown,0.0,,,,
290,2014,51,Thanasis Antetokounmpo,-4.1,,,,
291,2014,52,Vasilije Micić,-5.6,,,,
292,2014,53,Alessandro Gentile,0.0,,,,
293,2014,54,Nemanja Dangubić,0.0,,,,
294,2014,55,Semaj Christon,-5.1,,,,
295,2014,56,Devyn Marble,-5.5,,,,
296,2014,57,Louis Labeyrie,0.0,,,,
297,2014,58,Jordan McRae,-2.1,,,,
298,2014,59,Xavier Thames,0.0,,,,
299,2014,60,Cory Jefferson,-3.3,,,,
300,2015,1,Karl-Anthony Towns,4.3,,,,
301,2015,2,D'Angelo Russell,0.6,,,,
302,2015,3,Jahlil Okafor,-2.0,,,,
303,2015,4,Kristaps Porziņģis,2.7,,,,
304,2015,5,Mario Hezonja,-2.8,,,,
305,2015,6,Willie Cauley-Stein,-0.1,,,,
306,2015,7,Emmanuel Mudiay,-3.2,,,,
307,2015,8,Stanley Johnson,-2.7,,,,
308,2015,9,Frank Kaminsky,-0.2,,,,
309,2015,10,Justise Winslow,-2.1,,,,
310,2015,11,Myles Turner,0.8,,,,
311,2015,12,Trey Lyles,-1.0,,,,
312,2015,13,Devin Booker,1.1,,,,
313,2015,14,Cameron Payne,-0.6,,,,
314,2015,15,Kelly Oubre Jr.,-1.8,,,,
315,2015,16,Terry Rozier,0.2,,,,
316,2015,17,Rashad Vaughn,-4.7,,,,
317,2015,18,Sam Dekker,-1.4,,,,
318,2015,19,Jerian Grant,-1.6,,,,
319,2015,20,Delon Wright,1.9,,,,
320,2015,21,Justin Anderson,-1.5,,,,
321,2015,22,Bobby Portis,-0.5,,,,
322,2015,23,Rondae Hollis-Jefferson,-0.7,,,,
323,2015,24,Tyus Jones,0.5,,,,
324,2015,25,Jarell Martin,-4.3,,,,
325,2015,26,Nikola Milutinov,0.0,,,,
326,2015,27,Larry Nance Jr.,1.1,,,,
327,2015,28,R.J. Hunter,-2.0,,,,
328,2015,29,Chris McCullough,-2.5,,,,
329,2015,30,Kevon Looney,0.3,,,,
330,2015,31,Cedi Osman,-2.1,,,,
331,2015,32,Montrezl Harrell,2.6,,,,
332,2015,33,Jordan Mickey,-4.8,,,,
333,2015,34,Anthony Brown,-5.1,,,,
334,2015,35,Willy Hernangómez,0.1,,,,
335,2015,36,Rakeem Christmas,-4.7,,,,
336,2015,37,Richaun Holmes,0.1,,,,
337,2015,38,Darrun Hilliard,-4.7,,,,
338,2015,39,Juan Pablo Vaulet,0.0,,,,
339,2015,40,Josh Richardson,-0.6,,,,
340,2015,41,Pat Connaughton,-0.5,,,,
341,2015,42,Olivier Hanlan,0.0,,,,
342,2015,43,Joe Young,-4.1,,,,
343,2015,44,Andrew Harrison,-2.8,,,,
344,2015,45,Marcus Thornton,0.0,,,,
345,2015,46,Norman Powell,0.1,,,,
346,2015,47,Artūras Gudaitis,0.0,,,,
347,2015,48,Dakari Johnson,-0.3,,,,
348,2015,49,Aaron White,0.0,,,,
349,2015,50,Marcus Eriksson,0.0,,,,
350,2015,51,Tyler Harvey,0.0,,,,
351,2015,52,Satnam Singh,0.0,,,,
352,2015,53,Sir'Dominic Pointer,0.0,,,,
353,2015,54,Dani Díez,0.0,,,,
354,2015,55,Cady Lalanne,0.0,,,,
355,2015,56,Branden Dawson,-5.7,,,,
356,2015,57,Nikola Radičević,0.0,,,,
357,2015,58,J.P. Tokoto,0.0,,,,
358,2015,59,Dimitrios Agravanis,0.0,,,,
359,2015,60,Luka Mitrović,0.0,,,,
360,2016,1,Ben Simmons,3.0,,,,
361,2016,2,Brandon Ingram,0.1,,,,
362,2016,3,Jaylen Brown,0.4,,,,
363,2016,4,Dragan Bender,-3.9,,,,
364,2016,5,Kris Dunn,-1.2,,,,
365,2016,6,Buddy Hield,0.2,,,,
366,2016,7,Jamal Murray,1.0,,,,
367,2016,8,Marquese Chriss,-2.4,,,,
368,2016,9,Jakob Poeltl,1.2,,,,
369,2016,10,Thon Maker,-2.1,,,,
370,2016,11,Domantas Sabonis,3.3,,,,
371,2016,12,Taurean Prince,-2.1,,,,
372,2016,13,Georgios Papagiannis,-3.9,,,,
373,2016,14,Denzel Valentine,-1.9,,,,
374,2016,15,Juancho Hernangómez,-1.9,,,,
375,2016,16,Guerschon Yabusele,-1.4,,,,
376,2016,17,Wade Baldwin,-5.3,,,,
377,2016,18,Henry Ellenson,-3.7,,,,
378,2016,19,Malik Beasley,-0.9,,,,
379,2016,20,Caris LeVert,-0.2,,,,
380,2016,21,DeAndre' Bembry,-2.3,,,,
381,2016,22,Malachi Richardson,-6.1,,,,
382,2016,23,Ante Žižić,-2.6,,,,
383,2016,24,Timothé Luwawu-Cabarrot,-4.0,,,,
384,2016,25,Brice Johnson,-0.6,,,,
385,2016,26,Furkan Korkmaz,-2.0,,,,
386,2016,27,Pascal Siakam,2.0,,,,
387,2016,28,Skal Labissière,-2.3,,,,
388,2016,29,Dejounte Murray,1.4,,,,
389,2016,30,Damian Jones,-1.0,,,,
390,2016,31,Deyonta Davis,-2.1,,,,
391,2016,32,Ivica Zubac,0.8,,,,
392,2016,33,Cheick Diallo,-1.4,,,,
393,2016,34,Tyler Ulis,-3.6,,,,
394,2016,35,Rade Zagorac,0.0,,,,
395,2016,36,Malcolm Brogdon,1.3,,,,
396,2016,37,Chinanu Onuaku,-5.4,,,,
397,2016,38,Patrick McCaw,-2.8,,,,
398,2016,39,David Michineau,0.0,,,,
399,2016,40,Diamond Stone,-20.8,,,,
400,2016,41,Stephen Zimmerman,-8.3,,,,
401,2016,42,Isaiah Whitehead,-5.0,,,,
402,2016,43,Zhou Qi,-9.6,,,,
403,2016,44,Isaïa Cordinier,0.0,,,,
404,2016,45,Demetrius Jackson,-0.5,,,,
405,2016,46,A.J. Hammons,-6.6,,,,
406,2016,47,Jake Layman,-2.3,,,,
407,2016,48,Paul Zipser,-5.2,,,,
408,2016,49,Michael Gbinije,-12.1,,,,
409,2016,50,Georges Niang,-1.7,,,,
410,2016,51,Ben Bentil,-25.9,,,,
411,2016,52,Joel Bolomboy,-0.1,,,,
412,2016,53,Petr Cornelie,-8.8,,,,
413,2016,54,Kay Felder,-4.7,,,,
414,2016,55,Marcus Paige,-8.8,,,,
415,2016,56,Daniel Hamilton,-3.3,,,,
416,2016,57,Wang Zhelin,0.0,,,,
417,2016,58,Abdel Nader,-2.6,,,,
418,2016,59,Isaiah Cousins,0.0,,,,
419,2016,60,Tyrone Wallace,-5.2,,,,
420,2017,1,Markelle Fultz,-1.2,,,,
421,2017,2,Lonzo Ball,0.9,,,,
422,2017,3,Jayson Tatum,3.8,,,,
423,2017,4,Josh Jackson,-3.8,,,,
424,2017,5,De'Aaron Fox,0.9,,,,
425,2017,6,Jonathan Isaac,0.9,,,,
426,2017,7,Lauri Markkanen,1.1,,,,
427,2017,8,Frank Ntilikina,-4.4,,,,
428,2017,9,Dennis Smith Jr.,-2.1,,,,
429,2017,10,Zach Collins,-1.5,,,,
430,2017,11,Malik Monk,-1.0,,,,
431,2017,12,Luke Kennard,-0.1,,,,
432,2017,13,Donovan Mitchell,3.6,,,,
433,2017,14,Bam Adebayo,2.5,,,,
434,2017,15,Justin Jackson,-2.8,,,,
435,2017,16,Justin Patton,-2.8,,,,
436,2017,17,D.J. Wilson,-2.4,,,,
437,2017,18,T.J. Leaf,-1.8,,,,
438,2017,19,John Collins,0.5,,,,
439,2017,20,Harry Giles,-2.5,,,,
440,2017,21,Terrance Ferguson,-4.0,,,,
441,2017,22,Jarrett Allen,2.3,,,,
442,2017,23,OG Anunoby,0.3,,,,
443,2017,24,Tyler Lydon,-4.3,,,,
444,2017,25,Anžejs Pasečņiks,-6.2,,,,
445,2017,26,Caleb Swanigan,-6.2,,,,
446,2017,27,Kyle Kuzma,-1.5,,,,
447,2017,28,Tony Bradley,-0.1,,,,
448,2017,29,Derrick White,2.2,,,,
449,2017,30,Josh Hart,0.6,,,,
450,2017,31,Frank Jackson,-3.9,,,,
451,2017,32,Davon Reed,-2.9,,,,
452,2017,33,Wes Iwundu,-3.9,,,,
453,2017,34,Frank Mason III,-2.7,,,,
454,2017,35,Ivan Rabb,-1.7,,,,
455,2017,36,Jonah Bolden,-1.3,,,,
456,2017,37,Semi Ojeleye,-3.4,,,,
457,2017,38,Jordan Bell,0.2,,,,
458,2017,39,Jawun Evans,-5.4,,,,
459,2017,40,Dwayne Bacon,-5.1,,,,
460,2017,41,Tyler Dorsey,-3.0,,,,
461,2017,42,Thomas Bryant,0.9,,,,
462,2017,43,Isaiah Hartenstein,2.2,,,,
463,2017,44,Damyean Dotson,-2.8,,,,
464,2017,45,Dillon Brooks,-3.3,,,,
465,2017,46,Sterling Brown,-2.1,,,,
466,2017,47,Ike Anigbogu,-1.1,,,,
467,2017,48,Sindarius Thornwell,-3.1,,,,
468,2017,49,Vlatko Čančar,-2.5,,,,
469,2017,50,Mathias Lessort,0.0,,,,
470,2017,51,Monte Morris,0.2,,,,
471,2017,52,Edmond Sumner,-3.0,,,,
472,2017,53,Kadeem Allen,-1.2,,,,
473,2017,54,Alec Peters,-2.8,,,,
474,2017,55,Nigel Williams-Goss,-3.9,,,,
475,2017,56,Jabari Bird,-3.1,,,,
476,2017,57,Sasha Vezenkov,-0.9,,,,
477,2017,58,Ognjen Jaramaz,0.0,,,,
478,2017,59,Jaron Blossomgame,-3.8,,,,
479,2017,60,Alpha Kaba,0.0,,,,
480,2018,1,Deandre Ayton,0.7,,,,
481,2018,2,Marvin Bagley III,-1.5,,,,
482,2018,3,Luka Dončić,7.7,,,,
483,2018,4,Jaren Jackson Jr.,0.8,,,,
484,2018,5,Trae Young,2.6,,,,
485,2018,6,Mo Bamba,0.0,,,,
486,2018,7,Wendell Carter Jr.,-0.3,,,,
487,2018,8,Collin Sexton,-1.4,,,,
488,2018,9,Kevin Knox,-4.4,,,,
489,2018,10,Mikal Bridges,0.9,,,,
490,2018,11,Shai Gilgeous-Alexander,5.9,,,,
491,2018,12,Miles Bridges,0.0,,,,
492,2018,13,Jerome Robinson,-4.8,,,,
493,2018,14,Michael Porter Jr.,0.8,,,,
494,2018,15,Troy Brown Jr.,-1.8,,,,
495,2018,16,Zhaire Smith,-6.1,,,,
496,2018,17,Donte DiVincenzo,1.1,,,,
497,2018,18,Lonnie Walker IV,-2.5,,,,
498,2018,19,Kevin Huerter,-1.0,,,,
499,2018,20,Josh Okogie,-1.7,,,,
500,2018,21,Grayson Allen,0.1,,,,
501,2018,22,Chandler Hutchison,-3.9,,,,
502,2018,23,Aaron Holiday,-1.8,,,,
503,2018,24,Anfernee Simons,-1.1,,,,
504,2018,25,Moritz Wagner,0.2,,,,
505,2018,26,Landry Shamet,-1.9,,,,
506,2018,27,Robert Williams,4.7,,,,
507,2018,28,Jacob Evans,-7.4,,,,
508,2018,29,Džanan Musa,-4.6,,,,
509,2018,30,Omari Spellman,-1.5,,,,
510,2018,31,Elie Okobo,-4.1,,,,
511,2018,32,Jevon Carter,-1.4,,,,
512,2018,33,Jalen Brunson,2.4,,,,
513,2018,34,Devonte' Graham,-0.5,,,,
514,2018,35,Melvin Frazier,-10.0,,,,
515,2018,36,Mitchell Robinson,2.1,,,,
516,2018,37,Gary Trent Jr.,-1.3,,,,
517,2018,38,Khyri Thomas,-2.7,,,,
518,2018,39,Isaac Bonga,-3.6,,,,
519,2018,40,Rodions Kurucs,-2.8,,,,
520,2018,41,Jarred Vanderbilt,0.0,,,,
521,2018,42,Bruce Brown,-1.5,,,,
522,2018,43,Justin Jackson,0.0,,,,
523,2018,44,Issuf Sanon,0.0,,,,
524,2018,45,Hamidou Diallo,-2.1,,,,
525,2018,46,De'Anthony Melton,0.6,,,,
526,2018,47,Svi Mykhailiuk,-2.5,,,,
527,2018,48,Keita Bates-Diop,-1.6,,,,
528,2018,49,Chimezie Metu,-1.6,,,,
529,2018,50,Alize Johnson,-2.4,,,,
530,2018,51,Tony Carr,0.0,,,,
531,2018,52,Vince Edwards,-6.4,,,,
532,2018,53,Devon Hall,-6.7,,,,
533,2018,54,Shake Milton,-2.0,,,,
534,2018,55,Arnoldas Kulboka,-21.8,,,,
535,2018,56,Ray Spalding,-6.2,,,,
536,2018,57,Kevin Hervey,-5.1,,,,
537,2018,58,Thomas Welsh,1.2,,,,
538,2018,59,George King,-17.2,,,,
539,2018,60,Kostas Antetokounmpo,-9.9,,,,
540,2019,1,Zion Williamson,4.8,,,,
541,2019,2,Ja Morant,2.5,,,,
542,2019,3,RJ Barrett,-1.6,,,,
543,2019,4,De'Andre Hunter,-2.5,,,,
544,2019,5,Darius Garland,0.2,,,,
545,2019,6,Jarrett Culver,-4.5,,,,
546,2019,7,Coby White,-1.5,,,,
547,2019,8,Jaxson Hayes,-0.3,,,,
548,2019,9,Rui Hachimura,-1.9,,,,
549,2019,10,Cam Reddish,-3.1,,,,
550,2019,11,Cameron Johnson,1.4,,,,
551,2019,12,P.J. Washington,-1.2,,,,
552,2019,13,Tyler Herro,0.7,,,,
553,2019,14,Romeo Langford,-3.4,,,,
554,2019,15,Sekou Doumbouya,-6.5,,,,
555,2019,16,Chuma Okeke,-1.1,,,,
556,2019,17,Nickeil Alexander-Walker,-1.1,,,,
557,2019,18,Goga Bitadze,1.1,,,,
558,2019,19,Luka Šamanić,-5.6,,,,
559,2019,20,Matisse Thybulle,1.0,,,,
560,2019,21,Brandon Clarke,2.4,,,,
561,2019,22,Grant Williams,-1.9,,,,
562,2019,23,Darius Bazley,-2.4,,,,
563,2019,24,Ty Jerome,0.4,,,,
564,2019,25,Nassir Little,-2.6,,,,
565,2019,26,Dylan Windler,-1.4,,,,
566,2019,27,Mfiondu Kabengele,-3.6,,,,
567,2019,28,Jordan Poole,-1.8,,,,
568,2019,29,Keldon Johnson,-1.1,,,,
569,2019,30,Kevin Porter Jr.,-1.3,,,,
570,2019,31,Nic Claxton,1.3,,,,
571,2019,32,KZ Okpala,-4.7,,,,
572,2019,33,Carsen Edwards,-5.1,,,,
573,2019,34,Bruno Fernando,-3.0,,,,
574,2019,35,Didi Louzada,-8.1,,,,
575,2019,36,Cody Martin,-1.8,,,,
576,2019,37,Deividas Sirvydis,-5.9,,,,
577,2019,38,Daniel Gafford,1.8,,,,
578,2019,39,Alen Smailagić,-3.3,,,,
579,2019,40,Justin James,-3.1,,,,
580,2019,41,Eric Paschall,-2.2,,,,
581,2019,42,Admiral Schofield,-4.6,,,,
582,2019,43,Jaylen Nowell,-2.1,,,,
583,2019,44,Bol Bol,-0.4,,,,
584,2019,45,Isaiah Roby,-2.3,,,,
585,2019,46,Talen Horton-Tucker,-2.0,,,,
586,2019,47,Ignas Brazdeikis,-4.9,,,,
587,2019,48,Terance Mann,-0.9,,,,
588,2019,49,Quinndary Weatherspoon,-5.5,,,,
589,2019,50,Jarrell Brantley,0.0,,,,
590,2019,51,Tremont Waters,-3.0,,,,
591,2019,52,Jalen McDaniels,-3.3,,,,
592,2019,53,Justin Wright-Foreman,-9.0,,,,
593,2019,54,Marial Shayok,-13.0,,,,
594,2019,55,Kyle Guy,-4.9,,,,
595,2019,56,Jaylen Hands,0.0,,,,
596,2019,57,Jordan Bone,-5.9,,,,
597,2019,58,Miye Oni,-2.5,,,,
598,2019,59,Dewan Hernandez,-9.6,,,,
599,2019,60,Vanja Marinković,0.0,,,,
600,2020,1,Anthony Edwards,1.9,,,,
601,2020,2,James Wiseman,-4.0,,,,
602,2020,3,LaMelo Ball,2.7,,,,
603,2020,4,Patrick Williams,-2.3,,,,
604,2020,5,Isaac Okoro,-2.1,,,,
605,2020,6,Onyeka Okongwu,0.5,,,,
606,2020,7,Killian Hayes,-3.8,,,,
607,2020,8,Obi Toppin,1.0,,,,
608,2020,9,Deni Avdija,-0.6,,,,
609,2020,10,Jalen Smith,-0.1,,,,
610,2020,11,Devin Vassell,-0.5,,,,
611,2020,12,Tyrese Haliburton,4.8,,,,
612,2020,13,Kira Lewis Jr.,-3.5,,,,
613,2020,14,Aaron Nesmith,-1.9,,,,
614,2020,15,Cole Anthony,-0.7,,,,
615,2020,16,Isaiah Stewart,-1.6,,,,
616,2020,17,Aleksej Pokusevski,-3.1,,,,
617,2020,18,Josh Green,-2.9,,,,
618,2020,19,Saddiq Bey,-0.6,,,,
619,2020,20,Precious Achiuwa,-2.3,,,,
620,2020,21,Tyrese Maxey,1.7,,,,
621,2020,22,Zeke Nnaji,-2.7,,,,
622,2020,23,Leandro Bolmaro,-7.8,,,,
623,2020,24,R.J. Hampton,-3.8,,,,
624,2020,25,Immanuel Quickley,1.2,,,,
625,2020,26,Payton Pritchard,1.3,,,,
626,2020,27,Udoka Azubuike,-1.5,,,,
627,2020,28,Jaden McDaniels,-1.7,,,,
628,2020,29,Malachi Flynn,-2.6,,,,
629,2020,30,Desmond Bane,2.2,,,,
630,2020,31,Tyrell Terry,-4.8,,,,
631,2020,32,Vernon Carey Jr.,-6.3,,,,
632,2020,33,Daniel Oturu,-5.2,,,,
633,2020,34,Théo Maledon,-4.6,,,,
634,2020,35,Xavier Tillman Sr.,-0.1,,,,
635,2020,36,Tyler Bey,-9.5,,,,
636,2020,37,Vit Krejci,-1.9,,,,
637,2020,38,Saben Lee,-1.4,,,,
638,2020,39,Elijah Hughes,-6.4,,,,
639,2020,40,Robert Woodard II,-7.7,,,,
640,2020,41,Tre Jones,-0.4,,,,
641,2020,42,Nick Richards,-2.6,,,,
642,2020,43,Jahmi'us Ramsey,-5.4,,,,
643,2020,44,Marko Simonovic,-12.3,,,,
644,2020,45,Jordan Nwora,-2.8,,,,
645,2020,46,CJ Elleby,-5.2,,,,
646,2020,47,Yam Madar,0.0,,,,
647,2020,48,Nico Mannion,-3.9,,,,
648,2020,49,Isaiah Joe,0.2,,,,
649,2020,50,Skylar Mays,-0.7,,,,
650,2020,51,Justinian Jessup,0.0,,,,
651,2020,52,KJ Martin,-1.8,,,,
652,2020,53,Cassius Winston,-4.9,,,,
653,2020,54,Cassius Stanley,-7.9,,,,
654,2020,55,Jay Scrubb,-6.6,,,,
655,2020,56,Grant Riller,5.1,,,,
656,2020,57,Reggie Perry,-5.5,,,,
657,2020,58,Paul Reed,0.9,,,,
658,2020,59,Jalen Harris,0.3,,,,
659,2020,60,Sam Merrill,0.3,,,,
660,2021,1,Cade Cunningham,1.3,,,,
661,2021,2,Jalen Green,-1.1,,,,
662,2021,3,Evan Mobley,2.3,,,,
663,2021,4,Scottie Barnes,1.9,,,,
664,2021,5,Jalen Suggs,-0.8,,,,
665,2021,6,Josh Giddey,1.5,,,,
666,2021,7,Jonathan Kuminga,-1.2,,,,
667,2021,8,Franz Wagner,0.9,,,,
668,2021,9,Davion Mitchell,-2.9,,,,
669,2021,10,Ziaire Williams,-3.5,,,,
670,2021,11,James Bouknight,-5.9,,,,
671,2021,12,Joshua Primo,-5.3,,,,
672,2021,13,Chris Duarte,-3.0,,,,
673,2021,14,Moses Moody,-1.2,,,,
674,2021,15,Corey Kispert,-2.3,,,,
675,2021,16,Alperen Şengün,2.9,,,,
676,2021,17,Trey Murphy III,1.3,,,,
677,2021,18,Tre Mann,-3.6,,,,
678,2021,19,Kai Jones,-1.2,,,,
679,2021,20,Jalen Johnson,1.6,,,,
680,2021,21,Keon Johnson,-4.2,,,,
681,2021,22,Isaiah Jackson,-0.3,,,,
682,2021,23,Usman Garuba,-1.4,,,,
683,2021,24,Josh Christopher,-3.9,,,,
684,2021,25,Quentin Grimes,-0.4,,,,
685,2021,26,Bones Hyland,-0.9,,,,
686,2021,27,Cam Thomas,-1.8,,,,
687,2021,28,Jaden Springer,-2.7,,,,
688,2021,29,Day'Ron Sharpe,-0.7,,,,
689,2021,30,Santi Aldama,0.9,,,,
690,2021,31,Isaiah Todd,-10.2,,,,
691,2021,32,Jeremiah Robinson-Earl,-2.3,,,,
692,2021,33,Jason Preston,-2.6,,,,
693,2021,34,Rokas Jokubaitis,0.0,,,,
694,2021,35,Herbert Jones,-0.7,,,,
695,2021,36,Miles McBride,-0.7,,,,
696,2021,37,JT Thor,-4.5,,,,
697,2021,38,Ayo Dosunmu,-1.6,,,,
698,2021,39,Neemias Queta,0.0,,,,
699,2021,40,Jared Butler,-1.5,,,,
700,2021,41,Joe Wieskamp,-5.3,,,,
701,2021,42,Isaiah Livers,-3.1,,,,
702,2021,43,Greg Brown III,-5.1,,,,
703,2021,44,Kessler Edwards,-2.9,,,,
704,2021,45,Juhann Begarin,0.0,,,,
705,2021,46,Dalano Banton,-1.5,,,,
706,2021,47,David Johnson,-27.7,,,,
707,2021,48,Sharife Cooper,-17.1,,,,
708,2021,49,Marcus Zegarowski,0.0,,,,
709,2021,50,Filip Petrušev,-8.0,,,,
710,2021,51,Brandon Boston Jr.,-3.7,,,,
711,2021,52,Luka Garza,-1.4,,,,
712,2021,53,Charles Bassey,0.3,,,,
713,2021,54,Sandro Mamukelashvili,0.2,,,,
714,2021,55,Aaron Wiggins,-0.8,,,,
715,2021,56,Scottie Lewis,6.0,,,,
716,2021,57,Balša Koprivica,0.0,,,,
717,2021,58,Jericho Sims,-1.9,,,,
718,2021,59,RaiQuan Gray,2.9,,,,
719,2021,60,Georgios Kalaitzakis,-7.0,,,,
720,2022,1,Paolo Banchero,0.9,,,,
721,2022,2,Chet Holmgren,3.1,,,,
722,2022,3,Jabari Smith Jr.,-1.5,,,,
723,2022,4,Keegan Murray,-1.0,,,,
724,2022,5,Jaden Ivey,-2.7,,,,
725,2022,6,Bennedict Mathurin,-3.2,,,,
726,2022,7,Shaedon Sharpe,-2.3,,,,
727,2022,8,Dyson Daniels,0.4,,,,
728,2022,9,Jeremy Sochan,-3.0,,,,
729,2022,10,Johnny Davis,-6.2,,,,
730,2022,11,Ousmane Dieng,-2.7,,,,
731,2022,12,Jalen Williams,2.2,,,,
732,2022,13,Jalen Duren,1.1,,,,
733,2022,14,Ochai Agbaji,-2.8,,,,
734,2022,15,Mark Williams,1.8,,,,
735,2022,16,AJ Griffin,-1.7,,,,
736,2022,17,Tari Eason,0.9,,,,
737,2022,18,Dalen Terry,-2.8,,,,
738,2022,19,Jake LaRavia,-1.2,,,,
739,2022,20,Malaki Branham,-5.1,,,,
740,2022,21,Christian Braun,-1.0,,,,
741,2022,22,Walker Kessler,2.0,,,,
742,2022,23,David Roddy,-4.0,,,,
743,2022,24,MarJon Beauchamp,-4.0,,,,
744,2022,25,Blake Wesley,-5.5,,,,
745,2022,26,Wendell Moore Jr.,-2.6,,,,
746,2022,27,Nikola Jović,-0.4,,,,
747,2022,28,Patrick Baldwin Jr.,-3.1,,,,
748,2022,29,TyTy Washington Jr.,-6.8,,,,
749,2022,30,Peyton Watson,-1.7,,,,
750,2022,31,Andrew Nembhard,-2.6,,,,
751,2022,32,Caleb Houstan,-2.7,,,,
752,2022,33,Christian Koloko,-3.3,,,,
753,2022,34,Jaylin Williams,1.0,,,,
754,2022,35,Max Christie,-2.6,,,,
755,2022,36,Gabriele Procida,0.0,,,,
756,2022,37,Jaden Hardy,-3.9,,,,
757,2022,38,Kennedy Chandler,-2.7,,,,
758,2022,39,Khalifa Diop,0.0,,,,
759,2022,40,Bryce McGowens,-5.2,,,,
760,2022,41,E.J. Liddell,-4.9,,,,
761,2022,42,Trevor Keels,-13.0,,,,
762,2022,43,Moussa Diabaté,-1.1,,,,
763,2022,44,Ryan Rollins,-0.3,,,,
764,2022,45,Josh Minott,1.8,,,,
765,2022,46,Ismael Kamagate,0.0,,,,
766,2022,47,Vince Williams Jr.,-1.5,,,,
767,2022,48,Kendall Brown,-5.3,,,,
768,2022,49,Isaiah Mobley,-3.0,,,,
769,2022,50,Matteo Spagnolo,0.0,,,,
770,2022,51,Tyrese Martin,-2.6,,,,
771,2022,52,Karlo Matković,-1.6,,,,
772,2022,53,JD Davison,-1.8,,,,
773,2022,54,Yannick Nzosa,0.0,,,,
774,2022,55,Gui Santos,-2.1,,,,
775,2022,56,Luke Travers,-6.8,,,,
776,2022,57,Jabari Walker,-3.4,,,,
777,2022,58,Hugo Besson,0.0,,,,
778,2022,59,,0.0,,,,
779,2022,60,,0.0,,,,
780,2023,1,Victor Wembanyama,5.8,,,,
781,2023,2,Brandon Miller,-1.8,,,,
782,2023,3,Scoot Henderson,-4.0,,,,
783,2023,4,Amen Thompson,2.9,,,,
784,2023,5,Ausar Thompson,-0.3,,,,
785,2023,6,Anthony Black,-2.1,,,,
786,2023,7,Bilal Coulibaly,-3.9,,,,
787,2023,8,Jarace Walker,-1.8,,,,
788,2023,9,Taylor Hendricks,-2.2,,,,
789,2023,10,Cason Wallace,0.6,,,,
790,2023,11,Jett Howard,-3.9,,,,
791,2023,12,Dereck Lively II,1.5,,,,
792,2023,13,Gradey Dick,-4.0,,,,
793,2023,14,Jordan Hawkins,-4.6,,,,
794,2023,15,Kobe Bufkin,-4.3,,,,
795,2023,16,Keyonte George,-3.1,,,,
796,2023,17,Jalen Hood-Schifino,-9.3,,,,
797,2023,18,Jaime Jaquez Jr.,-1.1,,,,
798,2023,19,Brandin Podziemski,0.2,,,,
799,2023,20,Cam Whitmore,-0.3,,,,
800,2023,21,Noah Clowney,-3.2,,,,
801,2023,22,Dariq Whitehead,-4.1,,,,
802,2023,23,Kris Murray,-3.2,,,,
803,2023,24,Olivier-Maxence Prosper,-2.5,,,,
804,2023,25,Marcus Sasser,-1.9,,,,
805,2023,26,Ben Sheppard,-3.1,,,,
806,2023,27,Nick Smith Jr.,-5.8,,,,
807,2023,28,Brice Sensabaugh,-2.4,,,,
808,2023,29,Julian Strawther,-5.1,,,,
809,2023,30,Kobe Brown,-3.3,,,,
810,2023,31,James Nnaji,0.0,,,,
811,2023,32,Jalen Pickett,-1.9,,,,
812,2023,33,Leonard Miller,1.0,,,,
813,2023,34,Colby Jones,-3.4,,,,
814,2023,35,Julian Phillips,-3.5,,,,
815,2023,36,Andre Jackson Jr.,-3.5,,,,
816,2023,37,Hunter Tyson,-5.5,,,,
817,2023,38,Jordan Walsh,-2.7,,,,
818,2023,39,Mouhamed Gueye,-1.1,,,,
819,2023,40,Maxwell Lewis,-6.6,,,,
820,2023,41,Amari Bailey,-8.3,,,,
821,2023,42,Tristan Vukcevic,-2.2,,,,
822,2023,43,Rayan Rupert,-5.9,,,,
823,2023,44,Sidy Cissoko,-4.8,,,,
824,2023,45,GG Jackson II,-3.1,,,,
825,2023,46,Seth Lundy,-12.7,,,,
826,2023,47,Mojave King,0.0,,,,
827,2023,48,Jordan Miller,-2.4,,,,
828,2023,49,Emoni Bates,-6.4,,,,
829,2023,50,Keyontae Johnson,-9.8,,,,
830,2023,51,Jalen Wilson,-4.0,,,,
831,2023,52,Toumani Camara,-1.5,,,,
832,2023,53,Jaylen Clark,-1.0,,,,
833,2023,54,Jalen Slawson,-6.4,,,,
834,2023,55,Isaiah Wong,-4.2,,,,
835,2023,56,Tarik Biberovic,0.0,,,,
836,2023,57,Trayce Jackson-Davis,1.7,,,,
837,2023,58,Chris Livingston,-6.4,,,,
838,2023,59,,0.0,,,,
839,2023,60,,0.0,,,,
840,2024,1,Zaccharie Risacher,-3.4,,,,
841,2024,2,Alex Sarr,-2.3,,,,
842,2024,3,Reed Sheppard,1.9,,,,
843,2024,4,Stephon Castle,-2.5,,,,
844,2024,5,Ron Holland,-2.9,,,,
845,2024,6,Tidjane Salaün,-5.1,,,,
846,2024,7,Donovan Clingan,0.2,,,,
847,2024,8,Rob Dillingham,-5.0,,,,
848,2024,9,Zach Edey,0.3,,,,
849,2024,10,Cody Williams,-7.7,,,,
850,2024,11,Matas Buzelis,-2.8,,,,
851,2024,12,Nikola Topić,0.0,,,,
852,2024,13,Devin Carter,-3.4,,,,
853,2024,14,Bub Carrington,-5.1,,,,
854,2024,15,Kel'el Ware,0.5,,,,
855,2024,16,Jared McCain,-1.2,,,,
856,2024,17,Dalton Knecht,-2.0,,,,
857,2024,18,Tristan Da Silva,-1.7,,,,
858,2024,19,Ja'Kobe Walter,-2.5,,,,
859,2024,20,Jaylon Tyson,-0.8,,,,
860,2024,21,Yves Missi,-3.1,,,,
861,2024,22,DaRon Holmes,11.7,,,,
862,2024,23,AJ Johnson,-8.4,,,,
863,2024,24,Kyshawn George,-3.6,,,,
864,2024,25,Pacome Dadiet,-6.9,,,,
865,2024,26,Dillon Jones,-4.0,,,,
866,2024,27,Terrence Shannon Jr.,-3.1,,,,
867,2024,28,Ryan Dunn,-3.1,,,,
868,2024,29,Isaiah Collier,-5.2,,,,
869,2024,30,Baylor Scheierman,-1.4,,,,
870,2024,31,Jonathan Mogbo,-1.8,,,,
871,2024,32,Kyle Filipowski,-1.3,,,,
872,2024,33,Tyler Smith,-0.9,,,,
873,2024,34,Tyler Kolek,-2.4,,,,
874,2024,35,Johnny Furphy,-2.7,,,,
875,2024,36,Juan Nunez,0.0,,,,
876,2024,37,Bobi Klintman,-5.5,,,,
877,2024,38,Ajay Mitchell,-0.1,,,,
878,2024,39,Jaylen Wells,-2.3,,,,
879,2024,40,Oso Ighodaro,-2.4,,,,
880,2024,41,Adem Bona,-2.8,,,,
881,2024,42,KJ Simpson,-5.4,,,,
882,2024,43,Nikola Djurisic,0.0,,,,
883,2024,44,Pelle Larsson,-2.0,,,,
884,2024,45,Jamal Shead,-3.2,,,,
885,2024,46,Cam Christie,-2.4,,,,
886,2024,47,Antonio Reeves,-3.1,,,,
887,2024,48,Harrison Ingram,0.2,,,,
888,2024,49,Tristen Newton,-20.7,,,,
889,2024,50,Enrique Freeman,-6.3,,,,
890,2024,51,Melvin Ajinça,0.0,,,,
891,2024,52,Quinten Post,0.4,,,,
892,2024,53,Cam Spencer,1.7,,,,
893,2024,54,Anton Watson,-10.1,,,,
894,2024,55,Bronny James,-6.3,,,,
895,2024,56,Kevin McCullar Jr.,-7.2,,,,
896,2024,57,Ulrich Chomche,-7.4,,,,
897,2024,58,Ariel Hukporti,-5.3,,,,
898,2024,59,0,0.0,,,,
899,2024,60,0,0.0,,,,
900,2025,1,Cooper Flagg,-1.2,,,,
901,2025,2,Dylan Harper,1.2,,,,
902,2025,3,VJ Edgecombe,-2.5,,,,
903,2025,4,Kon Knueppel,0.1,,,,
904,2025,5,Ace Bailey,-3.3,,,,
905,2025,6,Tre Johnson,-5.0,,,,
906,2025,7,Jeremiah Fears,-3.2,,,,
907,2025,8,Egor Dёmin,-2.0,,,,
908,2025,9,Collin Murray-Boyles,-1.5,,,,
909,2025,10,Khaman Maluach,-10.6,,,,
910,2025,11,Cedric Coward,0.2,,,,
911,2025,12,Noa Essengue,-24.2,,,,
912,2025,13,Derik Queen,-1.1,,,,
913,2025,14,Carter Bryant,-9.9,,,,
914,2025,15,Thomas Sorber,0.0,,,,
915,2025,16,Yang Hansen,-9.6,,,,
916,2025,17,Joan Beringer,-2.7,,,,
917,2025,18,Walter Clayton,-3.3,,,,
918,2025,19,Nolan Traoré,-10.3,,,,
919,2025,20,Kasparas Jakucionis,0.0,,,,
920,2025,21,Will Riley,-4.7,,,,
921,2025,22,Drake Powell,-3.5,,,,
922,2025,23,Asa Newell,-1.7,,,,
923,2025,24,Nique Clifford,-5.1,,,,
924,2025,25,Jase Richardson,-1.1,,,,
925,2025,26,Ben Saraf,-7.8,,,,
926,2025,27,Danny Wolf,3.7,,,,
927,2025,28,Hugo González,-2.1,,,,
928,2025,29,Liam McNeeley,-4.8,,,,
929,2025,30,Yanic Konan Niederhauser,1.7,,,,
930,2025,31,Rasheer Fleming,-8.8,,,,
931,2025,32,Noah Penda,2.9,,,,
932,2025,33,Sion James,-3.1,,,,
933,2025,34,Ryan Kalkbrenner,0.6,,,,
934,2025,35,Johni Broome,-9.8,,,,
935,2025,36,Adou Thiero,2.7,,,,
936,2025,37,Chaz Lanier,-1.5,,,,
937,2025,38,Kam Jones,0.0,,,,
938,2025,39,Alijah Martin,0.0,,,,
939,2025,40,Micah Peavy,-5.5,,,,
940,2025,41,Koby Brea,-3.0,,,,
941,2025,42,Maxime Raynaud,-5.0,,,,
942,2025,43,Jamir Watkins,-10.1,,,,
943,2025,44,Brooks Barnhizer,-1.2,,,,
944,2025,45,Rocco Zikarsky,0.0,,,,
945,2025,46,Amari Williams,-0.7,,,,
946,2025,47,Bogoljub Markovic,0.0,,,,
947,2025,48,Javon Small,-4.5,,,,
948,2025,49,Tyrese Proctor,-4.8,,,,
949,2025,50,Kobe Sanders,-6.5,,,,
950,2025,51,Mohamed Diawara,-6.1,,,,
951,2025,52,Alex Toohey,0.0,,,,
952,2025,53,John Tonje,0.0,,,,
953,2025,54,Taelon Peter,-4.6,,,,
954,2025,55,Lachlan Olbrich,-15.7,,,,
955,2025,56,Will Richard,1.0,,,,
956,2025,57,Max Shulga,0.0,,,,
957,2025,58,Saliou Niang,0.0,,,,
958,2025,59,Jahmai Mashack,9.0,,,,
959,2025,60,0,0.0,,,,
