ID,State,Location,Year Completed,Primary Funding Source,Justification,Length (ft),Volume (CY),Total Cost,Year Completed CPI,Adjusted Cost (2024),Total Cost/CY,Adjusted Cost/CY,CY/Foot,Current CPI,Other Info,Source Comment
4322,NJ,Absecon Island: Atlantic City,1936,Unknown,Unknown,0,792000,157832,14,3544455.77,0.2,4.48,792000,314.4,,
4325,NJ,Absecon Island: Atlantic City,1936,Federal,Shore Protection,0,191447,0,14,0,0,0,191447,314.4,,
4328,NJ,Absecon Island: Atlantic City,1937,Unknown,Unknown,0,900000,204638,14,4595584.8,0.23,5.11,900000,314.4,,
4331,NJ,Absecon Island: Atlantic City,1938,Unknown,Unknown,0,500000,114207,14,2564762.91,0.23,5.13,500000,314.4,,
4334,NJ,Keansburg,1940,Local,Unknown,0,11000,0,14,0,0,0,11000,314.4,,
4337,NJ,Absecon Island: Atlantic City,1942,Federal,Shore Protection,0,1362000,364366,16,7159791.9,0.27,5.26,1362000,314.4,,
4340,NJ,Long Branch,1943,Unknown,Unknown,1800,15000,0,17,0,0,0,8.33,314.4,,
4343,NJ,Long Branch,1945,Unknown,Unknown,0,18732,0,18,0,0,0,18732,314.4,,
4346,NJ,Port Monmouth,1945,State,Unknown,0,54000,0,18,0,0,0,54000,314.4,,
4349,NJ,Sandy Hook,1945,Unknown,Unknown,0,400000,0,18,0,0,0,400000,314.4,,
4352,NJ,Avon by the Sea,1947,Unknown,Unknown,0,150000,0,22,0,0,0,150000,314.4,,
4355,NJ,Absecon Island: Atlantic City,1948,Federal,Shore Protection,5808,1073684,479752,24,6284751.2,0.45,5.85,184.86,314.4,,
4358,NJ,Absecon Island: Atlantic City,1948,State,Unknown,2700,483000,0,24,0,0,0,178.89,314.4,,
4361,NJ,Long Branch,1948,Federal,Unknown,0,600000,0,24,0,0,0,600000,314.4,,
4364,NJ,Avon by the Sea,1949,Federal,Navigation,0,16000,0,24,0,0,0,16000,314.4,,
4367,NJ,Avon by the Sea,1950,Federal,Navigation,0,22000,10795,24,141414.5,0.49,6.43,22000,314.4,,
4370,NJ,Union Beach,1950,Federal,Unknown,0,134000,0,24,0,0,0,134000,314.4,,
4373,NJ,Ocean City,1952,Federal,Shore Protection,9504,2550000,1912500,27,22270000,0.75,8.73,268.31,314.4,,
4376,NJ,Lavallette,1953,Unknown,Unknown,0,200000,0,27,0,0,0,200000,314.4,,
4379,NJ,Cliffwood Beach,1953,Federal,Unknown,0,6153000,0,27,0,0,0,6153000,314.4,,
4382,NJ,Long Beach Island: Harvey Cedars,1954,Unknown,Unknown,3200,114693,0,27,0,0,0,35.84,314.4,,
4385,NJ,Keansburg,1954,Unknown,Unknown,0,58502,0,27,0,0,0,58502,314.4,,
4388,NJ,Belford,1954,State,Unknown,0,195000,0,27,0,0,0,195000,314.4,,
4391,NJ,Keansburg,1954,State,Unknown,0,307000,0,27,0,0,0,307000,314.4,,
4394,NJ,Island Beach State Park,1955,Unknown,Unknown,0,200000,0,27,0,0,0,200000,314.4,,
4397,NJ,Long Beach Island: Brant Beach,1956,State,Unknown,6900,115000,76463,27,890369.16,0.66,7.74,16.67,314.4,,
4400,NJ,Long Beach Island: Ship Bottom,1956,State,Unknown,3500,182000,121011,27,1409105.87,0.66,7.74,52,314.4,,
4403,NJ,Absecon Island: Atlantic City,1956,Unknown,Unknown,0,22000,0,27,0,0,0,22000,314.4,,
4406,NJ,South Amboy,1956,Federal,Unknown,0,195000,0,27,0,0,0,195000,314.4,,
4409,NJ,Cliffwood Beach,1956,Local,Unknown,0,583000,0,27,0,0,0,583000,314.4,,
4412,NJ,Leonardo,1957,Federal,Unknown,0,100000,0,28,0,0,0,100000,314.4,,
4415,NJ,Laurence Harbor,1957,State,Unknown,0,438000,0,28,0,0,0,438000,314.4,,
4418,NJ,Belmar/Avon,1958,State,Unknown,0,0,226544,29,2456049.43,226544,2456049.43,1,314.4,,
4421,NJ,Long Beach Island: Harvey Cedars,1958,Unknown,Unknown,2700,149000,0,29,0,0,0,55.19,314.4,,
4424,NJ,Long Beach Island: Long Beach,1958,Unknown,Unknown,0,75000,0,29,0,0,0,75000,314.4,,
4427,NJ,Avon by the Sea,1958,Unknown,Unknown,0,250000,0,29,0,0,0,250000,314.4,,
4430,NJ,Bradley Beach,1958,Unknown,Unknown,0,250000,0,29,0,0,0,250000,314.4,,
4433,NJ,Long Beach Island: Long Beach,1959,State,Unknown,0,0,72025,29,780850.34,72025,780850.34,1,314.4,,
4436,NJ,Ocean City,1959,Federal,Shore Protection,0,1618000,469008,29,5084693.63,0.29,3.14,1618000,314.4,,
4439,NJ,Spring Lake,1959,Federal,Emergency,0,2000,0,29,0,0,0,2000,314.4,,
4442,NJ,Avon by the Sea,1960,Unknown,Unknown,0,250000,197472,30,2069506.56,0.79,8.28,250000,314.4,,
4445,NJ,Bradley Beach,1960,Unknown,Unknown,0,250000,0,30,0,0,0,250000,314.4,,
4448,NJ,Long Beach Island: Brant Beach,1961,Unknown,Unknown,1275,72498,0,30,0,0,0,56.86,314.4,,
4451,NJ,Long Beach Island: Harvey Cedars,1961,Unknown,Unknown,1000,58000,0,30,0,0,0,58,314.4,,
4454,NJ,Long Beach Island: Harvey Cedars,1961,Unknown,Unknown,1000,60000,0,30,0,0,0,60,314.4,,
4457,NJ,Ocean Gate,1961,Unknown,Unknown,0,30000,0,30,0,0,0,30000,314.4,,
4460,NJ,Pine Beach,1961,Unknown,Unknown,0,50000,0,30,0,0,0,50000,314.4,,
4463,NJ,Ocean City,1961,Unknown,Unknown,0,1615668,0,30,0,0,0,1615668,314.4,,
4466,NJ,Cape May Inlet to Lower Township,1962,Federal,Emergency Dune,8448,156656,358600,30,3758128,2.29,23.99,18.54,314.4,,NJ-7: Five High
4469,NJ,East Keansburg,1962,Federal,Emergency,1400,35000,46400,30,486272,1.33,13.89,25,314.4,,NJ-2: Five High
4472,NJ,Brigantine,1962,Federal,Emergency Dune,18000,392500,503700,30,5278776,1.28,13.45,21.81,314.4,,NJ-5: Five High
4475,NJ,Island Heights,1962,Federal,Emergency,0,15000,18300,30,191784,1.22,12.79,15000,314.4,,
4478,NJ,Ludlum Beach Island,1962,Federal,Emergency Dune,35200,905082,1066800,30,11180064,1.18,12.35,25.71,314.4,,NJ-6: Five High
4481,NJ,Long Beach Island: Long Beach to Barnegat Light,1962,Federal,Emergency Dune,19000,715000,765700,30,8024536,1.07,11.22,37.63,314.4,,NJ-4: Five High
4484,NJ,Keansburg,1962,Federal,Emergency,3100,75000,58000,30,607840,0.77,8.1,24.19,314.4,,NJ-1: Five High
4487,NJ,Long Beach Island: Brant Beach,1962,Federal,Emergency,27135,204000,0,30,0,0,0,7.52,314.4,,
4490,NJ,Long Beach Island: Holgate,1962,Federal,Emergency,8000,308000,0,30,0,0,0,38.5,314.4,,
4493,NJ,Long Beach Island: Beach Haven,1962,Federal,Emergency,9670,405000,0,30,0,0,0,41.88,314.4,,
4496,NJ,Long Beach Island: Harvey Cedars,1962,State,Emergency,5660,353046,0,30,0,0,0,62.38,314.4,,
4499,NJ,Long Beach Island: Brant Beach,1962,State,Emergency,3250,216619,0,30,0,0,0,66.65,314.4,,
4502,NJ,Long Beach Island: Surf City,1962,Federal,Emergency,7500,500000,0,30,0,0,0,66.67,314.4,,
4505,NJ,Long Beach Island: Ship Bottom,1962,Federal,Emergency,7350,539000,0,30,0,0,0,73.33,314.4,,
4508,NJ,Long Beach Island: Harvey Cedars,1962,State,Emergency,3000,235252,0,30,0,0,0,78.42,314.4,,
4511,NJ,Long Branch,1962,Unknown,Unknown,0,25000,0,30,0,0,0,25000,314.4,,
4514,NJ,Sea Girt,1962,Unknown,Unknown,0,46300,0,30,0,0,0,46300,314.4,,
4517,NJ,Island Beach State Park,1962,Federal,Emergency,0,60000,0,30,0,0,0,60000,314.4,,
4520,NJ,Long Beach Island: Loveladies,1962,State,Emergency,0,79348,0,30,0,0,0,79348,314.4,,
4523,NJ,Long Beach Island: Barnegat Light,1962,State,Emergency,0,88503,0,30,0,0,0,88503,314.4,,
4526,NJ,Avalon,1962,Unknown,Unknown,0,90600,0,30,0,0,0,90600,314.4,,
4529,NJ,Long Beach Island: Long Beach,1962,State,Emergency,0,92371,0,30,0,0,0,92371,314.4,,
4532,NJ,Long Beach Island: Long Beach,1962,State,Emergency,0,224382,0,30,0,0,0,224382,314.4,,
4535,NJ,Ocean City,1962,Federal,Emergency,0,248000,0,30,0,0,0,248000,314.4,,
4538,NJ,Lavallette,1962,Unknown,Unknown,0,320631,0,30,0,0,0,320631,314.4,,
4541,NJ,Long Beach Island: Harvey Cedars,1963,Federal,Emergency,0,0,282770,31,2867835.1,282770,2867835.1,1,314.4,,
4544,NJ,Long Beach Island: Long Beach,1963,Federal,Emergency,0,729664,1008050,31,10223578.06,1.38,14.01,729664,314.4,,
4547,NJ,Barnegat Light,1963,Federal,Emergency,0,65000,71566,31,725817.75,1.1,11.17,65000,314.4,,
4550,NJ,Sandy Hook to Barnegat Inlet: Sea Bright to Monmouth,1963,Federal,Emergency,26928,1433000,1418400,30.6,14573364.71,0.99,10.17,53.22,314.4,,NJ-3: Five High
4553,NJ,Lavallette,1963,Federal,Emergency,0,190000,186225,31,1888681.94,0.98,9.94,190000,314.4,,
4556,NJ,Absecon Island: Atlantic City,1963,Federal,Shore Protection,3696,560000,500864,31,5079730.37,0.89,9.07,151.52,314.4,,
4559,NJ,Seaside Park,1963,Federal,Emergency,0,136400,99443,31,1008544.49,0.73,7.39,136400,314.4,,
4562,NJ,Seaside Heights,1963,Unknown,Unknown,0,218284,154498,31,1566908.75,0.71,7.18,218284,314.4,,
4565,NJ,Long Beach Island: Ship Bottom,1963,State,Emergency,0,363482,161659,31,1639535.15,0.44,4.51,363482,314.4,,
4568,NJ,Bay Head,1963,Federal,Emergency,0,538000,217551,31,2206388.21,0.4,4.1,538000,314.4,,
4571,NJ,Long Beach Island: Beach Haven,1963,State,Emergency,9939,260000,0,31,0,0,0,26.16,314.4,,
4574,NJ,Wildwood,1963,Federal,Emergency,0,25000,0,31,0,0,0,25000,314.4,,
4577,NJ,Long Branch,1963,Unknown,Unknown,0,27100,0,31,0,0,0,27100,314.4,,
4580,NJ,Long Beach Island: Beach Haven,1963,Unknown,Unknown,0,70000,0,31,0,0,0,70000,314.4,,
4583,NJ,Long Beach Island: Long Beach,1963,Federal,Navigation,0,75000,0,31,0,0,0,75000,314.4,,
4586,NJ,Long Beach Island: Long Beach,1963,State,Emergency,0,150470,0,31,0,0,0,150470,314.4,,
4589,NJ,Long Beach Island: Long Beach,1963,State,Emergency,0,181376,0,31,0,0,0,181376,314.4,,
4592,NJ,Long Beach Island: Surf City,1963,State,Unknown,0,200000,0,31,0,0,0,200000,314.4,,
4595,NJ,Long Beach Island: Long Beach,1963,State,Emergency,0,300000,0,31,0,0,0,300000,314.4,,
4598,NJ,Long Beach Island: Long Beach,1963,State,Emergency,0,397818,0,31,0,0,0,397818,314.4,,
4601,NJ,Long Beach Island: Surf City,1963,State,Emergency,0,542276,0,31,0,0,0,542276,314.4,,
4604,NJ,Seaside Park,1964,Unknown,Unknown,0,190000,0,31,0,0,0,190000,314.4,,
4607,NJ,Ludlum Beach Island: Sea Isle City,1965,State,Unknown,0,60000,63845,32,627277.13,1.06,10.45,60000,314.4,,
4610,NJ,Beesleys Point,1966,State,Unknown,0,0,0,33,0,0,0,1,314.4,,
4613,NJ,Ludlum Beach Island: Strathmere,1966,State,Unknown,0,0,12142,33,115680.15,12142,115680.15,1,314.4,,
4616,NJ,Barnegat Light,1966,State,Unknown,0,0,65481,33,623855.35,65481,623855.35,1,314.4,,
4619,NJ,Sea Girt,1966,Federal,Shore Protection,0,425211,552774,33,5266428.65,1.3,12.39,425211,314.4,,
4622,NJ,North Wildwood,1966,State,Unknown,0,5000,5698,33,54286.4,1.14,10.86,5000,314.4,,
4625,NJ,Long Beach Island: Harvey Cedars,1966,State,Emergency,3600,72870,0,33,0,0,0,20.24,314.4,,
4628,NJ,Union Beach,1966,State,Unknown,0,10000,0,33,0,0,0,10000,314.4,,
4631,NJ,Keansburg,1966,State,Unknown,0,10000,0,33,0,0,0,10000,314.4,,
4634,NJ,Ocean City,1966,Unknown,Unknown,0,40000,0,33,0,0,0,40000,314.4,,
4637,NJ,Ocean City,1966,Unknown,Unknown,0,80000,0,33,0,0,0,80000,314.4,,
4640,NJ,Absecon Island: Atlantic City,1966,Federal,Unknown,0,125000,0,33,0,0,0,125000,314.4,,
4643,NJ,Sea Girt,1966,Federal,Unknown,0,250000,0,33,0,0,0,250000,314.4,,
4646,NJ,Sea Bright,1966,Unknown,Unknown,0,425000,0,33,0,0,0,425000,314.4,,
4649,NJ,Highlands,1966,Federal,Unknown,0,620000,0,33,0,0,0,620000,314.4,,
4652,NJ,Cape May,1967,State,Unknown,0,300000,161659,33,1540169.38,0.54,5.13,300000,314.4,,
4655,NJ,Cape May,1967,Unknown,Unknown,0,2500,0,33,0,0,0,2500,314.4,,
4658,NJ,Cape May,1967,Unknown,Unknown,0,15000,0,33,0,0,0,15000,314.4,,
4661,NJ,Long Beach Island: Harvey Cedars,1967,Unknown,Unknown,0,35000,0,33,0,0,0,35000,314.4,,
4664,NJ,Belmar,1967,Unknown,Unknown,0,45000,0,33,0,0,0,45000,314.4,,
4667,NJ,Port Monmouth,1967,Unknown,Unknown,0,50000,0,33,0,0,0,50000,314.4,,
4670,NJ,East Keansburg,1967,Unknown,Unknown,0,70000,0,33,0,0,0,70000,314.4,,
4673,NJ,Stone Harbor,1967,Unknown,Unknown,0,175218,0,33,0,0,0,175218,314.4,,
4676,NJ,East Keansburg,1967,Unknown,Unknown,0,450000,0,33,0,0,0,450000,314.4,,
4679,NJ,Stone Harbor,1968,State,Unknown,0,200000,255464,35,2294796.62,1.28,11.47,200000,314.4,,
4682,NJ,Highlands,1968,Unknown,Unknown,0,900000,0,35,0,0,0,900000,314.4,,
4685,NJ,Spring Lake,1969,State,Unknown,0,0,112728,37,957883.33,112728,957883.33,1,314.4,,
4688,NJ,Lower Township,1969,Unknown,Unknown,0,61000,89455,37,760125.73,1.47,12.46,61000,314.4,,
4691,NJ,Spring Lake,1969,State,Unknown,0,93600,112728,37,957883.33,1.2,10.23,93600,314.4,,
4694,NJ,Cape May,1969,State,Unknown,0,253851,256495,37,2179514.27,1.01,8.59,253851,314.4,,
4697,NJ,Ocean City,1970,Federal,Emergency,0,0,70589,39,569055.94,70589,569055.94,1,314.4,,
4700,NJ,Absecon Island: Atlantic City,1970,Federal,Emergency,4752,830000,1252625,39,10098084.62,1.51,12.17,174.66,314.4,,
4703,NJ,Ocean City,1970,State,Unknown,0,475270,623714,39,5028094.4,1.31,10.58,475270,314.4,,
4706,NJ,Belmar,1970,Unknown,Unknown,0,26026,0,39,0,0,0,26026,314.4,,
4709,NJ,Spring Lake,1970,Unknown,Unknown,0,55000,0,39,0,0,0,55000,314.4,,
4712,NJ,Avon by the Sea,1971,Federal,Navigation,0,120000,179641,41,1377539.77,1.5,11.48,120000,314.4,,
4715,NJ,Ocean City,1971,State,Unknown,0,237900,356138,41,2730970.42,1.5,11.48,237900,314.4,,
4718,NJ,Ocean City,1972,State,Unknown,0,543650,900083,42,6737764.17,1.66,12.39,543650,314.4,,
4721,NJ,Belmar/Spring Lake,1972,Unknown,Unknown,0,40000,0,42,0,0,0,40000,314.4,,
4724,NJ,Belford,1972,Federal,Unknown,0,700000,0,42,0,0,0,700000,314.4,,
4727,NJ,Laurence Harbor,1972,Federal,Unknown,0,2100000,0,42,0,0,0,2100000,314.4,,
4730,NJ,Ocean City,1973,State,Unknown,0,347341,620252,44,4431982.47,1.79,12.76,347341,314.4,,
4733,NJ,Ocean City,1974,State,Unknown,0,167549,318534,49,2043818.16,1.9,12.2,167549,314.4,,
4736,NJ,Ocean City,1975,State,Unknown,0,166799,359481,54,2092978.27,2.16,12.55,166799,314.4,,
4739,NJ,Sandy Hook,1975,Federal,Shore Protection,0,191447,412601,54,2402254.71,2.16,12.55,191447,314.4,,
4742,NJ,Belmar,1975,Unknown,Unknown,0,20000,0,54,0,0,0,20000,314.4,,
4745,NJ,Sandy Hook,1976,Federal,Shore Protection,3168,198276,480150,57,2648406.32,2.42,13.36,62.59,314.4,,
4748,NJ,Ocean City,1976,State,Unknown,0,81656,183085,57,1009858.32,2.24,12.37,81656,314.4,,
4751,NJ,Sandy Hook,1977,State,Unknown,1056,196193,770500,61,3971232.79,3.93,20.24,185.79,314.4,,
4754,NJ,Ocean City,1977,State,Unknown,0,169949,406577,61,2095537.85,2.39,12.33,169949,314.4,,
4757,NJ,Absecon Island: Atlantic City,1978,State,Unknown,0,0,0,65,0,0,0,1,314.4,,
4760,NJ,South Seaside Park,1978,State,Unknown,0,0,0,65,0,0,0,1,314.4,,
4763,NJ,Ocean City,1978,State,Unknown,0,121686,313624,65,1516975.16,2.58,12.47,121686,314.4,,
4766,NJ,Sea Girt,1978,Federal,Emergency,0,60744,0,65,0,0,0,60744,314.4,,
4769,NJ,Sandy Hook,1978,Unknown,Unknown,0,98096,0,65,0,0,0,98096,314.4,,
4772,NJ,Ludlum Beach Island: Sea Isle City,1978,Unknown,Unknown,0,700000,0,65,0,0,0,700000,314.4,,
4775,NJ,Long Beach Island: Loveladies & Harvey Cedars,1978,State,Emergency,0,1000000,0,65,0,0,0,1000000,314.4,,
4778,NJ,Long Beach Island,1979,Federal,Emergency,14784,1000000,4600000,73,19811506.85,4.6,19.81,67.64,314.4,,
4781,NJ,Ocean City,1979,State,Unknown,0,124702,346394,73,1491866.76,2.78,11.96,124702,314.4,,
4784,NJ,Absecon Island: Atlantic City,1979,Federal,Unknown,0,48158,133772,73,576135.85,2.78,11.96,48158,314.4,,
4787,NJ,Ocean City,1980,State,Unknown,0,150015,647147,82,2481256.3,4.31,16.54,150015,314.4,,
4790,NJ,Ludlum Beach Island: Sea Isle City,1981,Unknown,Unknown,0,20880,54080,91,186843.43,2.59,8.95,20880,314.4,,
4793,NJ,Ludlum Beach Island: Strathmere,1981,Unknown,Unknown,0,36000,93240,91,322139.08,2.59,8.95,36000,314.4,,
4796,NJ,Cape May,1981,Unknown,Unknown,0,36000,93000,91,321309.89,2.58,8.93,36000,314.4,,
4799,NJ,Beesleys Point,1981,Unknown,Unknown,0,36000,0,91,0,0,0,36000,314.4,,
4802,NJ,Ocean City,1982,State,Unknown,0,1200000,5200000,97,16854432.99,4.33,14.05,1200000,314.4,,
4805,NJ,Avon by the Sea,1982,Federal,Navigation,0,136000,352240,97,1141693.36,2.59,8.39,136000,314.4,,
4808,NJ,Ludlum Beach Island: Strathmere,1982,Local,Unknown,0,45000,90000,97,291711.34,2,6.48,45000,314.4,,
4811,NJ,Laurence Harbor,1982,State,Unknown,0,67000,0,97,0,0,0,67000,314.4,,
4814,NJ,Sandy Hook,1983,Federal,Shore Protection,0,2370766,10236161,100,32182490.18,4.32,13.57,2370766,314.4,,
4817,NJ,Ludlum Beach Island: Sea Isle City,1983,State,Unknown,0,45000,194294,100,610860.34,4.32,13.57,45000,314.4,,
4820,NJ,Ocean City,1983,Unknown,Unknown,8600,1217647,0,100,0,0,0,141.59,314.4,,
4823,NJ,Absecon Island: Atlantic City,1983,State,Unknown,0,32000,0,100,0,0,0,32000,314.4,,
4826,NJ,Absecon Island: Atlantic City,1983,State,Unknown,0,43000,0,100,0,0,0,43000,314.4,,
4829,NJ,Keansburg,1983,Unknown,Unknown,0,181564,0,100,0,0,0,181564,314.4,,
4832,NJ,Sea Bright,1983,Unknown,Unknown,0,1433000,0,100,0,0,0,1433000,314.4,,
4835,NJ,Ludlum Beach Island: Strathmere,1984,State,Unknown,0,120000,2453600,104,7417421.54,20.45,61.81,120000,314.4,,
4838,NJ,Ludlum Beach Island: Strathmere,1984,State,Unknown,0,592000,3929142,104,11878098.51,6.64,20.06,592000,314.4,,
4841,NJ,Sandy Hook,1984,Federal,Shore Protection,0,800000,3968965,104,11998486.5,4.96,15,800000,314.4,,
4844,NJ,Ludlum Beach Island: Sea Isle City,1984,State,Unknown,0,800000,3652500,104,11041788.46,4.57,13.8,800000,314.4,,
4847,NJ,Ludlum Beach Island: Strathmere,1984,State,Unknown,0,1600000,6451613,104,19503722.38,4.03,12.19,1600000,314.4,,
4850,NJ,Beesleys Point,1984,Unknown,Unknown,0,120000,0,104,0,0,0,120000,314.4,,
4853,NJ,Beesleys Point,1984,State,Unknown,0,1600000,0,104,0,0,0,1600000,314.4,,
4856,NJ,Keansburg,1985,Unknown,Unknown,0,103000,0,108,0,0,0,103000,314.4,,
4859,NJ,Cape May,1986,Federal,Emergency,0,15000,272000,110,777425.45,18.13,51.83,15000,314.4,,
4862,NJ,Absecon Island: Atlantic City,1986,Federal,Shore Protection,24816,1000000,7000000,110,20007272.73,7,20.01,40.3,314.4,,
4865,NJ,Lower Township,1986,State,Unknown,0,87000,337209,110,963804.63,3.88,11.08,87000,314.4,,
4868,NJ,Ludlum Beach Island: Sea Isle City,1987,Unknown,Unknown,0,158000,528244,114,1456841.35,3.34,9.22,158000,314.4,,
4871,NJ,Avalon,1987,State,Unknown,6000,1305000,2873940,114,7926024,2.2,6.07,217.5,314.4,,
4874,NJ,Keansburg,1988,State,Unknown,0,36000,0,118,0,0,0,36000,314.4,,
4877,NJ,Cape May,1989,Federal,Shore Protection,3600,465000,3158000,124,8007058.06,6.79,17.22,129.17,314.4,,
4880,NJ,North Wildwood,1989,State,Unknown,0,190000,875000,124,2218548.39,4.61,11.68,190000,314.4,,
4883,NJ,Ocean City,1989,Unknown,Unknown,0,250000,0,124,0,0,0,250000,314.4,,
4886,NJ,Long Beach Island: Harvey Cedars,1990,Unknown,Unknown,0,27300,491071,131,1178570.4,17.99,43.17,27300,314.4,,
4889,NJ,Absecon Island: Longport,1990,Federal,Shore Protection,0,250000,949000,131,2277600,3.8,9.11,250000,314.4,,
4892,NJ,Avalon,1990,Local,Unknown,2500,404000,600000,131,1440000,1.49,3.56,161.6,314.4,,
4895,NJ,Sandy Hook,1990,Federal,Shore Protection,4400,3302273,1350000,131,3240000,0.41,0.98,750.52,314.4,,
4898,NJ,Ocean City,1990,Unknown,Unknown,0,40000,0,131,0,0,0,40000,314.4,,
4901,NJ,Cape May Inlet to Lower Township,1991,Federal,Shore Protection,8000,500000,10526000,136,24333635.29,21.05,48.67,62.5,314.4,BAM1,http://www.nap.usace.army.mil/Portals/39/docs/History/ch03.pdf
4904,NJ,Wildwood,1991,Federal,Navigation,0,100000,434783,136,1005115.99,4.35,10.05,100000,314.4,H1,
4907,NJ,Barnegat Light,1991,Federal,Navigation,0,75000,326087,136,753836.42,4.35,10.05,75000,314.4,,
4910,NJ,Ocean City,1991,Federal,Navigation,0,100000,0,136,0,0,0,100000,314.4,,
4913,NJ,Cape May,1992,Federal,Emergency,0,42000,2135000,140,4794600,50.83,114.16,42000,314.4,,
4916,NJ,Long Beach Island: Harvey Cedars,1992,State,Unknown,0,110000,3700000,140,8309142.86,33.64,75.54,110000,314.4,,
4919,NJ,Ludlum Beach Island: Strathmere,1992,State,Shore Protection,1500,23000,102679,140,230587.7,4.46,10.03,15.33,314.4,,
4922,NJ,Avalon,1992,Local,Unknown,3000,410000,1188000,140,2667908.57,2.9,6.51,136.67,314.4,,
4925,NJ,Cape May,1992,State,Unknown,0,200000,261905,140,588163.8,1.31,2.94,200000,314.4,,
4928,NJ,Long Beach Island: Loveladies,1992,Federal,Shore Protection,0,183000,0,140,0,0,0,183000,314.4,,
4931,NJ,Avalon,1993,Federal,Emergency,2800,239000,1777193,145,3853444.68,7.44,16.12,85.36,314.4,,
4934,NJ,Cape May Inlet to Lower Township,1993,Federal,Emergency,0,300000,2200000,145,4770206.9,7.33,15.9,300000,314.4,BAM1,
4937,NJ,Cape May Inlet to Lower Township,1993,Federal,Shore Protection,4800,415000,2400000,145,5203862.07,5.78,12.54,86.46,314.4,BAM1,
4940,NJ,Ocean City,1993,Federal,Shore Protection,11800,2727000,14571909,145,31595918.55,5.34,11.59,231.1,314.4,GEHI,
4943,NJ,Ocean City,1993,Federal,Emergency,22000,846000,3217825,145,6977132.28,3.8,8.25,38.45,314.4,GEHI,
4946,NJ,Laurence Harbor,1993,State,Unknown,0,39000,0,145,0,0,0,39000,314.4,,
4949,NJ,Belmar/Spring Lake,1994,State,Shore Protection,1180,70000,6000000,148,12745945.95,85.71,182.08,59.32,314.4,,
4952,NJ,Ocean City,1994,Federal,Shore Protection,6336,606000,5749776,148,12214389.02,9.49,20.16,95.64,314.4,GEHI,
4955,NJ,Long Beach Island: Harvey Cedars,1994,State,Unknown,0,660000,3700000,148,7860000,5.61,11.91,660000,314.4,,
4958,NJ,Atlantic Highlands,1994,State,Unknown,0,24000,0,148,0,0,0,24000,314.4,,
4961,NJ,Absecon Island: Atlantic City,1995,State,Unknown,5280,0,0,152,0,0,0,0,314.4,,
4964,NJ,Ocean City,1995,Federal,Shore Protection,10560,360000,6943000,152,14361047.37,19.29,39.89,34.09,314.4,GEHI,
4967,NJ,Cape May Inlet to Lower Township,1995,Federal,Shore Protection,4800,330000,2400000,152,4964210.53,7.27,15.04,68.75,314.4,BAM1,
4970,NJ,Sandy Hook to Barnegat Inlet: Monmouth Beach,1995,Federal,Shore Protection,16368,4600000,32307692,152,66825910.29,7.02,14.53,281.04,314.4,SBBA,
4973,NJ,Ocean City,1995,Federal,Shore Protection,24816,1411000,5749776,152,11892957.73,4.07,8.43,56.86,314.4,GEHI,
4976,NJ,Keansburg,1995,State,Unknown,0,18000,0,152,0,0,0,18000,314.4,,
4979,NJ,Long Beach Island: Harvey Cedars,1995,State,Emergency,0,525000,0,152,0,0,0,525000,314.4,,
4982,NJ,Sandy Hook to Barnegat Inlet: Sea Bright,1996,Federal,Shore Protection,12672,3800000,24307692,157,48677314.43,6.4,12.81,299.87,314.4,SBBA,
4985,NJ,Ocean City,1997,Federal,Shore Protection,7000,800000,12900000,161,25191055.9,16.13,31.49,114.29,314.4,GEHI,
4988,NJ,Cape May Inlet to Lower Township,1997,Federal,Shore Protection,14000,366000,2400000,161,4686708.07,6.56,12.81,26.14,314.4,BAM1,
4991,NJ,Brigantine,1997,State,Shore Protection,0,1200000,6000000,161,11716770.19,5,9.76,1200000,314.4,,
4994,NJ,Keansburg,1997,State,Navigation,0,75000,0,161,0,0,0,75000,314.4,,
4997,NJ,Absecon Island: Atlantic City,1997,State,Shore Protection,0,450000,0,161,0,0,0,450000,314.4,,
5000,NJ,Sandy Hook,1998,Unknown,Shore Protection,4400,287749,0,163,0,0,0,65.4,314.4,SBBA,
5003,NJ,Sandy Hook to Barnegat Inlet: Belmar to Manasquan,1999,Federal,Shore Protection,31152,4100000,44615384,166.6,84196138.83,10.88,20.54,131.61,314.4,"BBA3, BBA5, BBA6",
5006,NJ,Sandy Hook to Barnegat Inlet: Long Branch,1999,Federal,Shore Protection,17423,4300000,45454545,167,85574305.08,10.57,19.9,246.8,314.4,SBBA,
5009,NJ,Cape May Inlet to Lower Township,1999,Federal,Shore Protection,14000,400000,2435000,167,4584215.57,6.09,11.46,28.57,314.4,BAM1,
5012,NJ,Brigantine,1999,Federal,Shore Protection,9504,999827,4970000,167,9356694.61,4.97,9.36,105.2,314.4,,
5015,NJ,Lower Cape May Meadows – Cape May Point,1999,Federal,Ecosystem Restoration,10032,2372000,10526000,167,19816613.17,4.44,8.35,236.44,314.4,,
5018,NJ,Atlantic Highlands,1999,State,Unknown,0,40000,0,167,0,0,0,40000,314.4,,
5021,NJ,Ocean City,2000,Federal,Shore Protection,12500,1351000,8314000,172,15197218.6,6.15,11.25,108.08,314.4,GEHI,
5024,NJ,Sandy Hook to Barnegat Inlet: Asbury Park,2001,Federal,Shore Protection,16368,3100000,36923076,177,65585396.01,11.91,21.16,189.39,314.4,"BBA3, BBA5, BBA6",
5027,NJ,Ludlum Beach Island: Strathmere,2001,State,Shore Protection,4500,506139,6026820,177,10705266.71,11.91,21.15,112.48,314.4,,
5030,NJ,Lower Cape May Meadows – Cape May Point,2001,Federal,Shore Protection,1200,30000,0,177,0,0,0,25,314.4,,
5033,NJ,Brigantine,2001,Federal,Emergency,2700,615000,0,177,0,0,0,227.78,314.4,,
5036,NJ,Sandy Hook to Barnegat Inlet: Sea Bright to Monmouth,2002,Federal,Shore Protection,28028,2100000,25590800,180,44698597.33,12.19,21.29,74.93,314.4,SBBA,
5039,NJ,Atlantic Highlands,2002,State,Unknown,0,22000,0,180,0,0,0,22000,314.4,,
5042,NJ,Sandy Hook,2002,Federal,Shore Protection,0,252434,0,180,0,0,0,252434,314.4,,
5045,NJ,Cape May Inlet to Lower Township,2003,Federal,Shore Protection,14000,267000,2435000,184,4160673.91,9.12,15.58,19.07,314.4,"BA4, BA5, BAM1",
5048,NJ,Keansburg,2003,State,Navigation,0,30000,255193,184,436047.17,8.51,14.53,30000,314.4,,http://www.state.nj.us/transportation/airwater/maritime/documents/Raritanbayshoredmmp.pdf
5051,NJ,Stone Harbor,2003,Federal,Shore Protection,13300,2900000,1500000,184,2563043.48,0.52,0.88,218.05,314.4,,
5054,NJ,Avalon,2003,Federal,Shore Protection,6260,1300000,0,184,0,0,0,207.67,314.4,,
5057,NJ,Cape May Inlet to Lower Township,2004,Federal,Shore Protection,14000,290000,2364000,189,3932495.24,8.15,13.56,20.71,314.4,"BA4, BA5",
5060,NJ,Absecon Island: Atlantic City,2004,Federal,Shore Protection,18250,4000000,27384615,189,45554089.71,6.85,11.39,219.18,314.4,,
5063,NJ,Ocean City,2004,Federal,Shore Protection,9500,1600000,8314000,189,13830273.02,5.2,8.64,168.42,314.4,GEHI,
5066,NJ,Absecon Island: Ventnor,2004,Federal,Shore Protection,8500,3000000,9538462,189,15867155.83,3.18,5.29,352.94,314.4,,http://www.pressofatlanticcity.com/communities/margate_ventnor_longport/absecon-island-beaches-to-get-even-more-sand-for-regular/article_9cf21ffa-f529-11e0-9f28-001cc4c03286.html
5069,NJ,Lower Cape May Meadows – Cape May Point,2004,Federal,Shore Protection,675,9623,0,189,0,0,0,14.26,314.4,"BA4, BA5",
5072,NJ,Ocean City,2004,State,Shore Protection,1000,62000,0,189,0,0,0,62,314.4,GEHI,
5075,NJ,Cape May Inlet to Lower Township,2005,Federal,Shore Protection,12000,800673,3995500,195,6441975.38,4.99,8.05,66.72,314.4,"BA4, BA5",
5078,NJ,Long Beach Island: Harvey Cedars,2005,State,Emergency,800,16000,0,195,0,0,0,20,314.4,,
5081,NJ,Avalon,2005,State,Unknown,1400,57000,0,195,0,0,0,40.71,314.4,,
5084,NJ,Lower Cape May Meadows – Cape May Point,2005,Federal,Shore Protection,675,1406000,0,195,0,0,0,2082.96,314.4,"BA4, BA5",
5087,NJ,Brigantine,2006,Federal,Shore Protection,9504,672000,15000000,202,23346534.65,22.32,34.74,70.71,314.4,,
5090,NJ,Shark River Inlet,2006,Federal,Navigation,0,15000,0,202,0,0,0,15000,314.4,,http://www.nj.gov/dep/newsrel/releases/03_0104.htm
5093,NJ,Long Beach Island: Surf City,2007,Federal,Shore Protection,8100,880000,71000000,207,107837681.2,80.68,122.54,108.64,314.4,,
5096,NJ,Cape May Inlet to Lower Township,2007,Federal,Shore Protection,4500,230000,4125000,207,6265217.39,17.93,27.24,51.11,314.4,BAK,
5099,NJ,Cape May Point,2007,Federal,Ecosystem Restoration,13000,126000,0,207.3,0,0,0,9.69,314.4,,
5102,NJ,Ocean City,2008,State,Shore Protection,11000,900825,13824000,215,20215188.84,15.35,22.44,81.89,314.4,GEHI,
5105,NJ,Avalon,2008,Federal,Shore Protection,2600,225000,0,215,0,0,0,86.54,314.4,,
5108,NJ,Avon by the Sea,2009,Unknown,Unknown,0,0,0,215,0,0,0,1,314.4,,
5111,NJ,Monmouth Beach,2009,Federal,Navigation,1200,60000,2550000,215,3728930.23,42.5,62.15,50,314.4,,http://www.stripersonline.com/t/693609/monmouth-beach-10-29-09
5114,NJ,Sandy Hook to Barnegat Inlet: Long Branch,2009,Federal,Shore Protection,3000,700000,18539000,215,27110053.95,26.48,38.73,233.33,314.4,SBBA,
5117,NJ,Lower Cape May Meadows – Cape May Point,2009,Federal,Shore Protection,7000,375000,9400000,215,13745860.47,25.07,36.66,53.57,314.4,,http://www.uscg.mil/hq/capemay/docs/CG%20Adoption%20of%20ACOE%20EA.pdf
5120,NJ,Ludlum Beach Island: Sea Isle City,2009,State,Unknown,6500,216630,1987684,215,2906641.16,9.18,13.42,33.33,314.4,C1,http://www.nj.gov/dep/shoreprotection/docs/seaislecity__beachfill.pdf
5123,NJ,North Wildwood,2009,State,Unknown,10400,1186400,10640526,215,15559913.37,8.97,13.12,114.08,314.4,H1,http://intraweb.stockton.edu/eyos/coastal/content/docs/municipal_reports/NWWFinal2013.pdf
5126,NJ,Cape May Inlet to Lower Township,2009,Federal,Shore Protection,4400,425000,3375000,215,4935348.84,7.94,11.61,96.59,314.4,,http://www.fws.gov/northeast/endangered/TEBO/PDFs/2008-F-0495.pdf
5129,NJ,Ludlum Beach Island: Strathmere,2009,State,Shore Protection,10258,891000,6026820,215,8813173.06,6.76,9.89,86.86,314.4,C1,
5132,NJ,Stone Harbor,2009,Federal,Emergency,3700,319670,1500000,215,2193488.37,4.69,6.86,86.4,314.4,H1,
5135,NJ,Long Beach Island: Beach Haven,2010,State,Unknown,390,2000,472000,218,680719.27,236,340.36,5.13,314.4,,
5138,NJ,Ocean City,2010,Federal,Shore Protection,9500,1400000,13824000,218,19936998.17,9.87,14.24,147.37,314.4,GEHI,
5141,NJ,Avalon,2010,Federal,Emergency,2200,500000,4500000,218,6489908.26,9,12.98,227.27,314.4,,
5144,NJ,Ludlum Beach Island: Sea Isle City,2010,State,Unknown,5500,700000,6000000,218,8653211.01,8.57,12.36,127.27,314.4,T1,http://news.capemaycountyherald.com/article/56142-beachfill+now+ask+aid+later+avalon+and+sea+isle+plan+joint+project
5147,NJ,Long Beach Island: Harvey Cedars,2010,Federal,Shore Protection,9700,3000000,25000000,218,36055045.87,8.33,12.02,309.28,314.4,,
5150,NJ,North Wildwood,2010,Federal,FEMA Emergency,4200,406000,0,218,0,0,0,96.67,314.4,H1,
5153,NJ,Lower Cape May Meadows – Cape May Point,2011,Federal,Shore Protection,7000,300000,9400000,225,13134933.33,31.33,43.78,42.86,314.4,,
5156,NJ,Avalon,2011,Federal,Emergency,4475,450000,9338000,225,13048298.67,20.75,29,100.56,314.4,,
5159,NJ,Long Beach Island: Surf City,2011,Federal,Emergency,3500,300000,6048000,225,8451072,20.16,28.17,85.71,314.4,,
5162,NJ,Cape May Inlet to Lower Township,2011,Federal,Shore Protection,0,440000,8320000,225,11625813.33,18.91,26.42,440000,314.4,,
5165,NJ,Brigantine,2011,Federal,Emergency,9504,175000,3020000,225,4219946.67,17.26,24.11,18.41,314.4,,
5168,NJ,Stone Harbor,2011,Federal,Emergency,11200,580000,9338000,225,13048298.67,16.1,22.5,51.79,314.4,H1,
5171,NJ,Absecon Island: Ventnor,2011,Federal,Emergency,3400,175000,2667550,225,3727456.53,15.24,21.3,51.47,314.4,,http://www.pressofatlanticcity.com/communities/margate_ventnor_longport/absecon-island-beaches-to-get-even-more-sand-for-regular/article_9cf21ffa-f529-11e0-9f28-001cc4c03286.html
5174,NJ,Absecon Island: Atlantic City,2011,Federal,Emergency,3600,1003000,7658450,225,10701407.47,7.64,10.67,278.61,314.4,,http://www.pressofatlanticcity.com/communities/margate_ventnor_longport/absecon-island-beaches-to-get-even-more-sand-for-regular/article_9cf21ffa-f529-11e0-9f28-001cc4c03286.html
5177,NJ,Sandy Hook to Barnegat Inlet: Monmouth Beach,2012,Federal,Shore Protection,5000,800000,18461538,230,25236119.77,23.08,31.55,160,314.4,,
5180,NJ,Absecon Island: Ventnor,2012,Federal,Shore Protection,0,325000,6830187,230,9336568.66,21.02,28.73,325000,314.4,,http://www.pressofatlanticcity.com/communities/margate_ventnor_longport/absecon-island-beaches-to-get-even-more-sand-for-regular/article_9cf21ffa-f529-11e0-9f28-001cc4c03286.html
5183,NJ,Port Monmouth,2012,Federal,Shore Protection,0,800000,12900000,230,17633739.13,16.13,22.04,800000,314.4,,
5186,NJ,Absecon Island: Atlantic City,2012,Federal,Shore Protection,0,1325000,21015965,230,28727910.42,15.86,21.68,1325000,314.4,ABINLT,http://www.pressofatlanticcity.com/communities/margate_ventnor_longport/absecon-island-beaches-to-get-even-more-sand-for-regular/article_9cf21ffa-f529-11e0-9f28-001cc4c03286.html
5189,NJ,Long Beach Island: Brant Beach,2012,Federal,Shore Protection,5400,1250000,16700000,230,22828173.91,13.36,18.26,231.48,314.4,,http://www.app.com/article/20120314/NJNEWS/303140072/Beach-replenishment-gets-project-under-way?odyssey=mod|newswell|text||s
5192,NJ,Ludlum Beach Island: Sea Isle City,2012,Federal,Emergency,14750,394797,5000000,230,6834782.61,12.66,17.31,26.77,314.4,C1,http://findashorehome.com/2012/03/09/sea-isle-city-construction-project-updates-march-2012/
5195,NJ,Cape May Inlet to Lower Township,2012,Federal,Shore Protection,13471,770000,9000000,230,12302608.7,11.69,15.98,57.16,314.4,,
5198,NJ,Ludlum Beach Island: Strathmere,2012,Federal,Emergency,2400,450000,4200000,230,5741217.39,9.33,12.76,187.5,314.4,C1,http://www.shorenewstoday.com/snt/news/index.php/upper-township/upper-township/17628-strathmere-beach-fill-could-start-next-month.html
5201,NJ,North Wildwood,2012,Federal,FEMA Emergency,1200,96000,0,230,0,0,0,80,314.4,WWC,http://intraweb.stockton.edu/eyos/coastal/content/docs/municipal_reports/NWWFinal2013.pdf
5204,NJ,North Wildwood,2013,Federal,Emergency,1100,83022,12600000,233,17001888.41,151.77,204.79,75.47,314.4,,
5207,NJ,Avalon,2013,Federal,Emergency,5000,75000,2150543,233,2901848.58,28.67,38.69,15,314.4,,
5210,NJ,Lower Cape May Meadows – Cape May Point,2013,Federal,Shore Protection,7000,300000,7497000,233,10116123.61,24.99,33.72,42.86,314.4,,http://www.nap.usace.army.mil/Missions/Factsheets/FactSheetArticleView/tabid/4694/Article/6449/new-jersey-shore-protection-lower-cape-may-meadows-cape-may-point-nj.aspx
5213,NJ,Stone Harbor,2013,Federal,Emergency,8750,100000,2440250,233,3292766.52,24.4,32.93,11.43,314.4,,
5216,NJ,Brigantine,2013,Federal,Emergency,0,90000,1377551,233,1858807.01,15.31,20.65,90000,314.4,,https://www.fbo.gov/index?s=opportunity&mode=form&id=6678ffd5ec6005b07b4c3c71f36f0d3f&tab=core&_cview=1
5219,NJ,Absecon Island: Atlantic City,2013,Federal,Emergency,18250,760000,11273117,233,15211450.58,14.83,20.02,41.64,314.4,,https://www.fbo.gov/index?s=opportunity&mode=form&id=fdc21c12950cc39a6ae82e31f99136c8&tab=core&_cview=1
5222,NJ,Ocean City,2013,Local,Shore Protection,4487,90000,1100000,233,1484291.85,12.22,16.49,20.06,314.4,,http://oceancity.patch.com/groups/summer/p/ocean-city-beach-project-is-complete#photo-14611245
5225,NJ,Ocean City,2013,Federal,Shore Protection,12144,1000000,11993000,233,16182829.18,11.99,16.18,82.35,314.4,GEHI,http://oceancity.patch.com/groups/summer/p/ocean-city-beach-project-is-complete#photo-14611245
5228,NJ,Stone Harbor,2013,Federal,Emergency,0,265000,3121700,233,4212285.32,11.78,15.9,265000,314.4,,https://www.fbo.gov/index?s=opportunity&mode=form&id=3db4c2b3c38c8e4035e5951a20691085&tab=core&_cview=1
5231,NJ,Sandy Hook to Barnegat Inlet: Sea Bright to Monmouth,2013,Federal,Emergency,0,2460000,25590800,233,34531105.24,10.4,14.04,2460000,314.4,,https://www.fbo.gov/index?s=opportunity&mode=form&id=3b8a357d95e51b3e1c2eae9fec460c9e&tab=core&_cview=1
5234,NJ,Avalon,2013,Federal,Emergency,0,46359,418984,233,565358.67,9.04,12.2,46359,314.4,,https://www.fbo.gov/index?s=opportunity&mode=form&id=3db4c2b3c38c8e4035e5951a20691085&tab=core&_cview=1
5237,NJ,Ocean City,2013,Federal,Emergency,0,746200,5467700,233,7377875.02,7.33,9.89,746200,314.4,,https://www.fbo.gov/index?s=opportunity&mode=form&id=6678ffd5ec6005b07b4c3c71f36f0d3f&tab=core&_cview=1
5240,NJ,Brigantine,2013,Federal,Emergency,9504,667000,4500000,233,6072103,6.75,9.1,70.18,314.4,,
5243,NJ,Stone Harbor,2013,Federal,Emergency,13077,674224,2440250,233,3292766.52,3.62,4.88,51.56,314.4,,
5246,NJ,North Wildwood,2013,Federal,FEMA Emergency,6400,150530,0,233,0,0,0,23.52,314.4,,http://intraweb.stockton.edu/eyos/coastal/content/docs/municipal_reports/NWWFinal2013.pdf
5249,NJ,Sandy Hook to Barnegat Inlet: Asbury Park,2014,Federal,Shore Protection,16157,1000000,44615384,236.7,59260991.68,44.62,59.26,61.89,314.4,SBBA,
5252,NJ,Keansburg,2014,Federal,Emergency,0,875000,36900000,237,48950886.08,42.17,55.94,875000,314.4,,https://www.fbo.gov/index?s=opportunity&mode=form&tab=core&id=cd5137655f2ccf1a5fa10d745ffc137e&_cview=0
5255,NJ,Oakwood Beach,2014,Federal,Emergency,9500,354000,12600000,237,16714936.71,35.59,47.22,37.26,314.4,FCCE,http://www.nap.usace.army.mil/Missions/Factsheets/FactSheetArticleView/tabid/4694/Article/490779/delaware-bay-coastline-de-nj-oakwood-beach-nj.aspx
5258,NJ,Absecon Island: Ventnor,2014,Federal,Emergency,0,340000,6061143,237,8040604.89,17.83,23.65,340000,314.4,,https://www.fbo.gov/index?s=opportunity&mode=form&id=fdc21c12950cc39a6ae82e31f99136c8&tab=core&_cview=1
5261,NJ,Sandy Hook to Barnegat Inlet: Belmar to Manasquan,2014,Federal,Emergency,31152,1500000,25300000,237,33562531.65,16.87,22.38,48.15,314.4,SBBA,https://www.fbo.gov/index?s=opportunity&mode=form&id=131623b080bfa4acca66f9d0e48e9eeb&tab=core&_cview=1
5264,NJ,Cape May Inlet to Lower Township,2014,Federal,Emergency,13471,585000,9744500,237,12926881.01,16.66,22.1,43.43,314.4,BAK,https://www.fbo.gov/index?s=opportunity&mode=form&id=b2aecf787cf98fb3d20666738f6d5292&tab=core&_cview=1
5267,NJ,Sandy Hook to Barnegat Inlet: Asbury Park to Avon,2014,Federal,Emergency,16157,1200000,18300000,237,24276455.7,15.25,20.23,74.27,314.4,,https://www.fbo.gov/index?s=opportunity&mode=form&id=5123bf2f09e3a7ea094a146512b93ca2&tab=core&_cview=1
5270,NJ,Long Beach Island: Surf City,2014,Federal,Emergency,0,415000,5350858,237,7098353.4,12.89,17.1,415000,314.4,NJD2,http://www.nap.usace.army.mil/Portals/39/docs/Contracting/13-B-0010%20Abstract.pdf
5273,NJ,Sandy Hook to Barnegat Inlet: Long Branch,2014,Federal,Emergency,0,3303000,40067500,237,53152835.44,12.13,16.09,3303000,314.4,,https://www.fbo.gov/index?s=opportunity&mode=form&tab=core&id=d0e8270f6171fe0efc4bd6b7e29d570d&_cview=0
5276,NJ,Long Beach Island: Brant Beach,2014,Federal,Emergency,5400,1060000,10894006,237,14451795.3,10.28,13.63,196.3,314.4,,https://www.fbo.gov/index?s=opportunity&mode=form&tab=core&id=cd5137655f2ccf1a5fa10d745ffc137e&_cview=0
5279,NJ,Long Beach Island: Harvey Cedars,2014,Federal,Emergency,10400,1515000,14340046,237,19023250.9,9.47,12.56,145.67,314.4,NJD2,http://www.nap.usace.army.mil/Portals/39/docs/Contracting/13-B-0010%20Abstract.pdf
5282,NJ,Long Branch: Monmouth to Lake Takanassee,2014,Federal,Shore Protection,17424,3500000,32307692,236.7,42913132.09,9.23,12.26,200.87,314.4,SBBA,
5285,NJ,Port Monmouth: Middletown Township,2015,Federal,Emergency,3500,391000,17731250,237,23521962.03,45.35,60.16,111.71,314.4,FCCE,https://www.fbo.gov/?s=opportunity&mode=form&id=49298404dc25b176326d0d1ed250abcf&tab=core&_cview=1
5288,NJ,"Strathmere, Sea Isle, Ocean City",2015,Federal,Shore Protection,0,4199995,57000000,237,75615189.87,13.57,18,4199995,314.4,,https://www.njspotlightnews.org/2024/01/climate-change-rising-sea-levels-stronger-more-frequent-threaten-nj-shore-beach-replenishment/
5291,NJ,Sandy Hook to Barnegat Inlet: Elberon to Deal,2016,Federal,Emergency,8448,1400000,48500000,240,63535000,34.64,45.38,165.72,314.4,,http://www.nan.usace.army.mil/Media/NewsReleases/tabid/3948/Article/616581/army-corps-awards-contract-for-monmouth-county-nj-coastal-project.aspx
5294,NJ,Sandy Hook to Barnegat Inlet: Elberon to Deal,2016,Federal,Emergency,7920,1400000,38200000,240,50042000,27.29,35.74,176.77,314.4,,http://www.nan.usace.army.mil/Media/NewsReleases/tabid/3948/Article/616581/army-corps-awards-contract-for-monmouth-county-nj-coastal-project.aspx
5297,NJ,"Long Beach Island: Long Beach, Ship Bottom, Beach Haven, Surf City and Harvey Cedars",2016,Federal,Emergency,67056,8200000,128169974,240,167902665.9,15.63,20.48,122.29,314.4,,https://www.fbo.gov/index?s=opportunity&mode=form&tab=core&id=e4e92434f9ab63e9c71801a412247623&_cview=0
5300,NJ,Sea Bright to Manasquan,2016,Federal,Shore Protection,63360,8000000,0,240,0,0,0,126.26,314.4,,https://www.nan.usace.army.mil/Media/Fact-Sheets/Fact-Sheet-Article-View/Article/487661/sea-bright-to-manasquan-nj-beach/
5303,NJ,West Atlantic City Gabions,2016,Federal,Emergency,0,10000,0,240,0,0,0,10000,314.4,"Reconstruction of sand dune was just part of the project, not the main task.",https://www.nj.gov/dep/shoreprotection/docs/west_ac_gabions.pdf
5306,NJ,Thompson’s Beach,2016,Federal,Shore Protection,0,40000,0,240,0,0,0,40000,314.4,,http://arubewithaview.com/2015/03/23/thompsons-beach-restoration-underway/
5309,NJ,Lower Cape May Meadows – Cape May Point,2017,Federal,Ecosystem Restoration,13200,0,0,245.1,0,0,0,0,314.4,Renourishment,https://www.nap.usace.army.mil/Missions/Factsheets/Fact-Sheet-Article-View/Article/490785/new-jersey-shore-protection-lower-cape-may-meadows-cape-may-point-nj/
5315,NJ,Ocean City: Great Egg Harbor and Peck Beach,2017,Federal,Shore Protection,21328,1100000,0,245,0,0,0,51.58,314.4,Renourishment,https://www.nap.usace.army.mil/Missions/Factsheets/Fact-Sheet-Article-View/Article/490782/new-jersey-shore-protection-great-egg-harbor-and-peck-beach-ocean-city-nj/
5318,NJ,Townsends Inlet to Cape May Inlet,2017,Federal,Shore Protection,22704,1860467,0,245,0,0,0,81.94,314.4,Renourishment,https://www.nap.usace.army.mil/Missions/Factsheets/Fact-Sheet-Article-View/Article/490787/new-jersey-shore-protection-townsends-inlet-to-cape-may-inlet-nj/
5321,NJ,Cape May Inlet to Lower Township,2017,Federal,Shore Protection,0,400000,0,245.1,0,0,0,400000,314.4,Renourishment,https://www.nap.usace.army.mil/Missions/Factsheets/Fact-Sheet-Article-View/Article/490778/new-jersey-shore-protection-cape-may-inlet-to-lower-township/
5324,NJ,Absecon Island: Brigantine Inlet to Great Egg Inlet,2018,Federal,Shore Protection,9504,0,0,251.1,0,0,0,0,314.4,Renourishment,https://www.nap.usace.army.mil/Missions/Factsheets/Fact-Sheet-Article-View/Article/490777/new-jersey-shore-protection-brigantine-inlet-to-great-egg-harbor-inlet-briganti/
5327,NJ,Beach Haven & Holgate Beachfill,2018,Federal,Emergency,67056,700000,128000000,251,160331474.1,182.86,229.04,10.44,314.4,,https://patch.com/new-jersey/barnegat-manahawkin/beach-replenishment-project-tap-southern-long-beach-island
5330,NJ,Long Beach Island Phase 1: Barnegat Inlet to Little Egg Inlet,2018,Federal,Shore Protection,0,2000000,16800000,251,21043505.98,8.4,10.52,2000000,314.4,Renourishment,https://www.nap.usace.army.mil/Missions/Factsheets/Fact-Sheet-Article-View/Article/490783/new-jersey-shore-protection-barnegat-inlet-to-little-egg-inlet-long-beach-islan/
5333,NJ,Absecon Island: Brigantine Inlet to Great Egg Inlet,2018,Federal,Shore Protection,0,3493599,0,251,0,0,0,3493599,314.4,Renourishment,https://www.nap.usace.army.mil/Missions/Factsheets/Fact-Sheet-Article-View/Article/490776/new-jersey-shore-protection-brigantine-inlet-to-great-egg-harbor-inlet-absecon/
6482,NJ,Lavallette,2019,Federal,Emergency,73920,11000000,130000000,255.7,159843566.7,11.82,14.53,148.81,314.4,,"https://www.dredgingtoday.com/2019/04/17/lavallette-beach-replenishment-complete/
https://www.nj.gov/dep/newsrel/2017/17_0053.htm"
6484,NJ,Stone Harbor to Avalon,2023,Federal,Shore Protection,16896,1307519,28000000,292.7,30075845.58,21.41,23,77.39,314.4,,"https://stoneharbornj.org/july-17-2023-beach-nourishment-update-sand-pumping-complete/
https://avalonboro.net/information-2023-avalon-hydraulic-beach-fill-project/"
6494,NJ,Brigantine,2023,Federal,Navigation,9504,850000,14000000,292.7,15037922.79,16.47,17.69,89.44,314.4,,"https://www.nap.usace.army.mil/Missions/Civil-Works/Coastal-Storm-Risk-Management/Brigantine-Coastal-Storm-Risk-Management-Project/#:~:text=Periodic%20nourishment%20is%20conducted%20on,of%20the%20periodic%20nourishment%20contract."
6496,NJ,Cape May Inlet to Lower Township,2019,Federal,Shore Protection,4000,2400000,3250000,255.7,3996089.17,1.35,1.67,600,314.4,,
6497,NJ,Long Beach Island,2018,Federal,Emergency,68640,700000,138000,251.1,172788.53,0.2,0.25,10.2,314.4,,
6498,NJ,Great Egg Harbor Inlet to Townsends Inlet,2016,Federal,Shore Protection,16900,6200000,57600000,240,75456000,9.29,12.17,366.86,314.4,,
6525,NJ,Ocean City,2022,Federal,Shore Protection,52800,800000,15700000,292.7,16863956.27,19.63,21.08,15.15,314.4,,https://www.oceancitytoday.com/news/beach-replenishment-project-in-ocean-city-wraps-up/article_54c68e3c-7a07-11ec-8daf-9f2028b5cc6b.html
6526,NJ,Ocean City,2017,Federal,Shore Protection,0,900000,12700000,245.1,16290820.07,14.11,18.1,900000,314.4,,
6527,NJ,Ocean City,2023,Federal,Shore Protection,11616,1500000,24400000,292.7,26208951.14,16.27,17.47,129.13,314.4,,
6528,NJ,Absecon Island: Atlantic City,2023,Private,Shore Protection,0,9500,700000,292.7,751896.14,73.68,79.15,9500,314.4,Done by atlantic city casino,https://apnews.com/article/casino-beach-replenishment-sand-ocean-atlantic-city-d9e6ee2baa6b3c9bff3a8e06ad12d662
6529,NJ,Sandy Hook to Barnegat Inlet: Loch Arbour to Deal,2022,Federal,Shore Protection,0,912000,24000000,292.7,25779296.21,26.32,28.27,912000,314.4,,https://www.nj.com/news/2023/03/these-27-projects-are-helping-to-protect-jersey-shore-beaches.html&subscribed=auth0%7C6526f51e32eb436059b7db26
6530,NJ,Ludlum Beach Island: Sea Isle City,2020,Federal,Shore Protection,11616,750000,32500000,258.8,39482225.66,43.33,52.64,64.57,314.4,,
6531,NJ,Sea Bright to Manasquan,2020,Federal,Shore Protection,63360,2800000,55100000,258.8,66937557.96,19.68,23.91,44.19,314.4,,https://www.nan.usace.army.mil/Media/News-Releases/Article/2446113/army-corps-of-engineers-completes-sea-bright-to-manasquan-nj-replenishment/
6532,NJ,Ocean City to Sea Isle City,2016,Federal,Emergency,47520,1600000,15800000,240,20698000,9.88,12.94,33.67,314.4,,
6533,NJ,Absecon Island: Brigantine Inlet to Great Egg Inlet,2021,Federal,Shore Protection,42768,1200000,23800000,270.97,27614569.88,19.83,23.01,28.06,314.4,,https://www.nap.usace.army.mil/Media/News-Releases/Article/2297691/army-corps-awards-contract-for-absecon-island-beach-nourishment/
6534,NJ,Mantoloking,2018,Federal,Shore Protection,0,1500000,0,251.1,0,0,0,1500000,314.4,,https://www.mantoloking.org/node/3806/news
6555,NJ,Cape May,2009,Federal,Shore Protection,0,126000,2300000,214.5,3371188.81,18.25,26.76,126000,314.4,,https://www.capemay.com/Editorial/january09/beach-replenishment.html
6831,NJ,Ocean City,2024,Federal,Shore Protection,7920,257000,11200000,292.7,12030338.23,43.58,46.81,32.45,314.4,Cost split 3-ways from entire project (in 2023),https://ocnjdaily.com/replenishment-project-expands-ocean-citys-south-end-beaches/
6832,NJ,Cape May Inlet to Lower Township,2023,Federal,Shore Protection,14000,517000,16100000,304.7,16612536.92,31.14,32.13,36.93,314.4,,https://www.nap.usace.army.mil/Media/News-Releases/Article/3523473/army-corps-awards-contract-for-cape-may-city-beachfill-project/
6833,NJ,Ludlum Beach Island: Strathmere,2024,Federal,Shore Protection,0,465000,11200000,292.7,12030338.23,24.09,25.87,465000,314.4,3rd of total cost of project,https://pressofatlanticcity.com/news/local/beaches-coming-back-to-strathmere/article_c215d7e2-a9ba-11ee-9dfa-174540d48043.html
6834,NJ,"Strathmere, Sea Isle, Ocean City",2019,Federal,Shore Protection,0,2400000,32500000,255.7,39960891.67,13.54,16.65,2400000,314.4,,https://www.njspotlightnews.org/2024/01/climate-change-rising-sea-levels-stronger-more-frequent-threaten-nj-shore-beach-replenishment/
6867,NJ,Sea Girt,2024,Federal,Shore Protection,0,437000,0,314.4,0,0,0,437000,314.4,,https://seagirtbeachpatrol.org/sea-girt-beaches-receive-federal-beach-replenishment/
6898,NJ,Cape May,2024,Federal,Ecosystem Restoration,0,88000,1300000,314.4,1300000,14.77,14.77,88000,314.4,,https://patch.com/new-jersey/oceancity/1-3m-beach-replenishment-project-set-cape-may-county
6902,NJ,North Wildwood,2024,State,Emergency,0,350000,10000000,314.4,10000000,28.57,28.57,350000,314.4,,https://wildwoodsnj.com/emergency-beach-replenishment-project-announced/
6906,NJ,Oakwood Beach,2024,Federal,Shore Protection,7920,80850,2600000,314.4,2600000,32.16,32.16,10.21,314.4,,https://www.nap.usace.army.mil/Media/Images/igphoto/2003323948/
6908,NJ,Avalon,2017,Federal,Shore Protection,5280,940000,7900000,245.1,10133659.73,8.4,10.78,178.03,314.4,,https://www.dredgingtoday.com/2017/05/23/avalons-north-end-beach-fill-works-complete-ahead-of-schedule/
6909,NJ,Avalon,2015,Federal,Shore Protection,2640,700000,6300000,237,8357468.35,9,11.94,265.15,314.4,,https://www.dredgingtoday.com/2015/07/07/avalon-replenishment-nears-end/
6915,NJ,Absecon Island: Atlantic City,2025,Federal,Shore Protection,10000,1200000,38200000,292.7,41032046.46,31.83,34.19,120,314.4,,https://wildwoodvideoarchive.com/atlantic-city-beach-replenishment-update-drone-video/
6920,NJ,Long Beach Island,2025,Federal,Shore Protection,15000,1800000,54400000,314.4,54400000,30.22,30.22,120,314.4,,https://www.dredgingtoday.com/2025/01/28/long-beach-island-project-moving-as-planned/
